package_type,distance_km,weight_kg,urgency,transport_mode,route_duration_hours,eta_hours,dataset_type
Documents,306.53,69.04,Medium,Truck,7.31,7.82,synthetic
Pharmaceutical,179.15,9.6,High,Van,4.83,5.01,synthetic
Food,99.33,36.8,Medium,Air,0.18,0.3,synthetic
Electronics,426.57,20.7,Medium,Truck,8.43,9.08,synthetic
Pharmaceutical,241.99,39.41,Low,Truck,5.76,7.49,synthetic
Other,399.53,21.64,Medium,Truck,7.96,8.63,synthetic
Apparel,265.13,11.8,Medium,Truck,5.51,5.87,synthetic
Electronics,291.56,26.43,Low,Truck,6.48,7.17,synthetic
Industrial,130.42,12.15,High,Van,2.88,2.36,synthetic
Industrial,143.39,29.34,Medium,Van,3.55,4.03,synthetic
Food,131.15,63.04,Low,Van,3.48,3.76,synthetic
Pharmaceutical,200.28,52.43,Medium,Truck,4.57,5.65,synthetic
Documents,249.57,11.84,Medium,Bike,12.26,13.07,synthetic
Documents,182.86,41.63,Low,Van,4.4,5.21,synthetic
Electronics,55.64,4.99,High,Van,1.51,1.53,synthetic
Apparel,139.11,102.43,High,Truck,3.13,2.61,synthetic
Industrial,142.98,61.83,Low,Van,3.32,4.05,synthetic
Apparel,65.88,26.56,Low,Van,1.58,1.88,synthetic
Electronics,88.55,29.88,High,Truck,1.89,2.04,synthetic
Industrial,78.88,12.14,Low,Van,1.96,1.84,synthetic
Electronics,155.16,4.87,Medium,Van,4.05,4.55,synthetic
Apparel,242.28,8.26,Medium,Truck,4.88,4.85,synthetic
Food,118.1,21.01,Medium,Van,3.16,3.28,synthetic
Apparel,128.97,23.12,Low,Van,3.35,4.32,synthetic
Fragile,79.09,8.49,Critical,Van,1.87,1.43,synthetic
Food,347.96,37.47,Medium,Truck,6.99,7.16,synthetic
Pharmaceutical,131.83,6.37,Low,Van,3.52,5.22,synthetic
Pharmaceutical,221.42,103.19,Critical,Truck,4.91,4.99,synthetic
Other,531.14,30.01,Low,Truck,10.63,13.19,synthetic
Documents,138.62,122.44,Low,Truck,2.74,3.0,synthetic
Pharmaceutical,137.52,24.39,High,Van,2.96,3.56,synthetic
Apparel,43.16,23.25,High,Van,1.07,0.69,synthetic
Electronics,344.17,5.7,High,Truck,6.67,6.32,synthetic
Documents,365.74,44.34,Medium,Truck,7.4,7.6,synthetic
Food,214.81,29.79,Low,Truck,4.18,5.05,synthetic
Documents,99.76,17.88,Medium,Van,2.6,2.85,synthetic
Other,108.81,11.95,Low,Van,2.68,2.79,synthetic
Other,125.13,9.35,High,Van,3.33,2.55,synthetic
Pharmaceutical,73.61,7.34,Medium,Van,1.62,1.5,synthetic
Food,607.95,8.29,Low,Truck,14.32,17.07,synthetic
Fragile,165.06,5.41,Medium,Train,2.4,2.63,synthetic
Documents,368.3,29.11,Medium,Truck,7.87,8.32,synthetic
Pharmaceutical,169.34,245.3,Low,Truck,3.54,4.64,synthetic
Pharmaceutical,217.63,7.22,Medium,Truck,4.14,5.04,synthetic
Industrial,249.16,7.23,High,Truck,5.68,5.25,synthetic
Documents,168.6,18.59,High,Van,4.47,3.23,synthetic
Pharmaceutical,223.01,16.3,High,Truck,4.67,5.43,synthetic
Food,331.85,17.09,Medium,Truck,7.41,7.69,synthetic
Pharmaceutical,609.49,89.58,Critical,Truck,14.12,13.36,synthetic
Other,147.29,26.4,High,Van,3.8,3.1,synthetic
Fragile,190.43,88.98,Critical,Truck,4.29,4.27,synthetic
Industrial,172.97,6.76,Critical,Van,4.32,3.77,synthetic
Other,185.48,6.44,Critical,Van,4.65,3.59,synthetic
Pharmaceutical,277.59,1.97,Medium,Truck,6.31,7.57,synthetic
Fragile,119.85,46.99,Medium,Van,2.63,3.25,synthetic
Food,121.55,60.05,Medium,Van,3.25,3.54,synthetic
Industrial,163.49,20.74,Medium,Van,4.41,4.28,synthetic
Apparel,511.33,10.83,Medium,Truck,11.67,12.57,synthetic
Electronics,330.22,61.93,Critical,Truck,7.65,6.28,synthetic
Food,557.23,14.83,Low,Bike,28.02,32.73,synthetic
Food,103.97,39.79,Medium,Van,2.71,2.38,synthetic
Food,130.29,40.66,Critical,Van,3.57,2.72,synthetic
Other,308.61,31.57,High,Van,6.88,6.43,synthetic
Electronics,137.6,43.52,Low,Bike,5.71,6.1,synthetic
Documents,64.23,1.88,High,Train,1.12,1.1,synthetic
Pharmaceutical,459.15,22.74,High,Truck,9.82,10.63,synthetic
Fragile,119.57,4.81,Critical,Van,2.75,2.81,synthetic
Industrial,68.89,37.79,Critical,Van,1.49,1.19,synthetic
Food,118.69,13.64,Low,Van,2.87,3.54,synthetic
Industrial,228.16,36.53,High,Truck,4.64,3.78,synthetic
Fragile,395.53,37.4,High,Truck,8.25,9.25,synthetic
Industrial,190.29,29.26,Low,Van,4.56,5.53,synthetic
Food,101.15,4.27,Medium,Van,2.36,2.32,synthetic
Industrial,703.5,82.81,Medium,Truck,15.26,16.15,synthetic
Fragile,279.62,16.89,High,Truck,5.87,6.07,synthetic
Industrial,211.91,118.69,Medium,Truck,4.99,5.34,synthetic
Industrial,244.99,9.61,High,Truck,4.74,4.6,synthetic
Fragile,234.29,17.91,High,Truck,4.6,5.09,synthetic
Documents,44.99,4.74,Low,Van,1.01,0.94,synthetic
Industrial,22.76,13.49,Low,Van,0.59,0.5,synthetic
Pharmaceutical,147.21,27.37,High,Train,2.16,2.36,synthetic
Food,339.84,147.21,Low,Truck,7.86,10.01,synthetic
Electronics,484.29,15.08,Low,Truck,10.99,13.09,synthetic
Food,93.8,14.98,Low,Truck,1.87,2.44,synthetic
Electronics,33.92,10.33,Medium,Van,0.9,1.03,synthetic
Food,151.81,20.59,High,Train,2.42,2.46,synthetic
Apparel,267.62,33.99,High,Truck,5.72,5.19,synthetic
Apparel,75.86,9.23,Critical,Van,2.04,1.69,synthetic
Fragile,340.4,55.33,Low,Train,5.3,7.15,synthetic
Other,172.85,32.73,Medium,Van,4.36,4.09,synthetic
Pharmaceutical,151.9,36.59,Medium,Van,4.13,4.78,synthetic
Fragile,298.89,220.75,Critical,Truck,6.47,6.28,synthetic
Food,215.79,181.89,Critical,Truck,4.44,3.19,synthetic
Other,134.76,13.84,Low,Van,3.26,3.24,synthetic
Electronics,442.36,12.3,High,Truck,10.42,9.88,synthetic
Food,55.71,44.34,Low,Van,1.42,1.19,synthetic
Industrial,73.86,53.8,Critical,Train,1.09,1.41,synthetic
Electronics,218.82,12.41,Low,Air,0.35,0.3,synthetic
Fragile,33.48,144.32,Medium,Truck,0.68,0.3,synthetic
Industrial,148.36,19.91,Medium,Van,3.25,3.61,synthetic
Food,762.71,29.64,High,Truck,14.84,13.95,synthetic
Industrial,74.47,3.66,Critical,Van,2.0,2.29,synthetic
Apparel,83.71,46.8,Medium,Bike,3.86,4.15,synthetic
Other,55.46,24.06,Medium,Van,1.28,1.32,synthetic
Apparel,58.5,41.69,Medium,Van,1.51,1.88,synthetic
Fragile,72.11,61.52,Medium,Van,1.92,2.42,synthetic
Industrial,237.79,20.42,Medium,Truck,5.05,5.76,synthetic
Fragile,127.66,15.2,High,Van,3.16,3.79,synthetic
Industrial,134.65,34.66,High,Van,2.91,1.91,synthetic
Industrial,35.72,8.5,Low,Van,0.88,1.42,synthetic
Documents,88.1,23.04,Low,Air,0.14,0.36,synthetic
Industrial,285.21,24.17,Medium,Truck,6.63,6.99,synthetic
Documents,60.68,52.16,Medium,Van,1.6,1.67,synthetic
Fragile,36.73,4.73,Medium,Bike,1.6,1.98,synthetic
Electronics,82.79,40.15,Low,Van,1.8,2.07,synthetic
Other,202.49,57.72,Critical,Bike,9.71,8.41,synthetic
Documents,88.73,3.17,Medium,Van,2.23,2.52,synthetic
Pharmaceutical,97.01,24.84,High,Van,2.34,3.14,synthetic
Other,95.15,62.84,Medium,Van,2.38,2.97,synthetic
Other,304.3,49.43,Medium,Train,4.24,4.3,synthetic
Apparel,588.32,164.33,High,Truck,13.76,13.55,synthetic
Electronics,84.32,37.97,Low,Van,2.3,2.72,synthetic
Electronics,637.97,65.6,Low,Truck,14.94,17.88,synthetic
Food,163.08,10.8,High,Van,3.78,3.62,synthetic
Fragile,166.35,73.35,High,Van,4.43,4.65,synthetic
Fragile,230.72,37.23,Medium,Truck,5.01,5.89,synthetic
Fragile,144.98,31.15,Critical,Bike,6.79,6.1,synthetic
Pharmaceutical,225.43,15.77,Low,Truck,4.4,5.44,synthetic
Apparel,80.36,2.39,Low,Van,2.14,2.54,synthetic
Electronics,424.08,1.3,Medium,Truck,9.21,9.28,synthetic
Pharmaceutical,96.93,17.13,Critical,Van,2.51,2.19,synthetic
Other,185.84,168.86,Critical,Truck,3.87,3.41,synthetic
Apparel,110.49,71.23,Medium,Van,2.68,3.17,synthetic
Fragile,220.3,24.91,Medium,Truck,4.92,5.13,synthetic
Documents,66.05,23.01,Medium,Van,1.52,1.9,synthetic
Other,136.34,12.89,Low,Van,2.96,3.15,synthetic
Documents,48.21,2.84,High,Van,1.12,0.99,synthetic
Other,212.28,69.58,Critical,Truck,5.03,3.8,synthetic
Food,134.03,1.57,Medium,Van,3.36,3.34,synthetic
Electronics,186.23,17.41,Low,Van,4.64,5.19,synthetic
Industrial,238.12,27.46,Medium,Truck,4.72,4.77,synthetic
Apparel,154.81,6.02,Low,Van,4.1,4.58,synthetic
Industrial,117.27,72.69,Medium,Van,3.12,2.99,synthetic
Food,470.78,3.1,Medium,Truck,11.13,11.74,synthetic
Documents,676.9,20.35,Medium,Truck,14.22,15.02,synthetic
Pharmaceutical,248.1,88.4,Low,Truck,4.86,6.75,synthetic
Other,350.09,63.6,Medium,Truck,7.15,7.78,synthetic
Electronics,221.97,16.59,Medium,Truck,5.3,5.72,synthetic
Pharmaceutical,248.7,41.48,Medium,Truck,4.73,6.09,synthetic
Industrial,871.35,24.48,High,Truck,17.3,16.04,synthetic
Fragile,176.81,5.47,High,Van,3.85,4.3,synthetic
Food,148.72,21.83,Low,Van,4.0,4.39,synthetic
Food,135.82,5.16,Medium,Van,3.68,3.33,synthetic
Industrial,303.36,37.03,Low,Air,0.55,0.55,synthetic
Food,333.42,124.86,High,Truck,7.53,7.07,synthetic
Other,197.32,28.33,High,Van,4.99,4.36,synthetic
Fragile,282.52,24.61,Medium,Truck,6.28,7.29,synthetic
Industrial,76.37,119.89,Low,Truck,1.77,1.78,synthetic
Industrial,188.01,18.15,High,Van,4.35,4.13,synthetic
Other,279.02,2.41,Medium,Truck,6.12,6.44,synthetic
Other,376.86,90.59,High,Truck,8.41,8.05,synthetic
Fragile,361.51,13.28,Critical,Truck,8.39,7.39,synthetic
Food,295.6,27.44,Medium,Truck,5.92,6.06,synthetic
Other,246.23,6.26,High,Truck,5.59,6.01,synthetic
Other,507.96,28.93,Medium,Truck,10.21,10.93,synthetic
Apparel,131.69,85.24,Medium,Truck,2.47,2.27,synthetic
Food,498.49,22.53,High,Truck,9.65,8.84,synthetic
Food,212.46,104.68,Low,Truck,5.02,6.55,synthetic
Other,163.06,39.48,Low,Van,4.35,5.03,synthetic
Food,286.37,18.09,High,Truck,6.12,5.93,synthetic
Documents,114.52,94.53,High,Truck,2.58,2.76,synthetic
Apparel,278.63,47.38,Medium,Truck,5.74,6.33,synthetic
Apparel,103.94,102.92,High,Truck,2.35,2.12,synthetic
Electronics,194.69,26.76,Critical,Van,4.35,3.71,synthetic
Food,248.45,24.62,Low,Truck,5.66,6.65,synthetic
Apparel,169.2,18.76,High,Van,4.45,4.02,synthetic
Industrial,476.85,20.46,High,Truck,9.58,8.86,synthetic
Electronics,603.75,1.91,High,Truck,11.98,11.03,synthetic
Fragile,252.44,16.08,Low,Truck,5.82,7.77,synthetic
Industrial,122.36,52.86,Low,Van,3.26,4.4,synthetic
Other,67.2,6.65,Critical,Van,1.56,0.75,synthetic
Documents,1012.52,178.02,Medium,Truck,19.25,20.53,synthetic
Apparel,90.15,22.35,Medium,Van,2.23,2.41,synthetic
Food,242.8,5.74,Medium,Truck,5.41,5.91,synthetic
Apparel,145.28,36.67,Medium,Van,3.88,4.64,synthetic
Documents,151.46,55.99,Medium,Van,3.77,3.58,synthetic
Apparel,86.42,5.73,Medium,Van,1.94,2.01,synthetic
Industrial,113.07,11.21,Critical,Truck,2.28,2.18,synthetic
Apparel,159.15,11.19,Medium,Van,3.51,3.06,synthetic
Food,458.27,23.36,Low,Truck,9.85,11.95,synthetic
Fragile,261.59,54.68,Low,Truck,5.69,7.8,synthetic
Other,79.13,26.98,Critical,Van,1.97,1.63,synthetic
Electronics,279.42,135.24,Medium,Truck,6.1,7.16,synthetic
Industrial,190.11,15.59,Medium,Van,4.52,4.21,synthetic
Food,524.14,10.21,Medium,Truck,11.34,11.71,synthetic
Other,612.63,14.43,Medium,Truck,12.73,13.68,synthetic
Apparel,175.09,21.61,Medium,Van,4.72,5.2,synthetic
Documents,499.97,16.24,Low,Truck,10.88,12.89,synthetic
Industrial,563.43,36.6,Low,Van,14.93,17.04,synthetic
Industrial,189.11,32.31,Medium,Van,5.04,6.03,synthetic
Pharmaceutical,133.31,15.89,Medium,Van,3.28,4.17,synthetic
Fragile,114.09,6.87,Critical,Van,3.04,2.07,synthetic
Food,152.05,1.6,Medium,Van,3.64,2.85,synthetic
Pharmaceutical,79.36,59.44,Medium,Van,1.83,2.38,synthetic
Industrial,235.86,4.79,Low,Truck,4.62,5.26,synthetic
Pharmaceutical,60.7,31.55,Medium,Van,1.49,1.21,synthetic
Food,48.69,7.52,Low,Van,1.16,1.52,synthetic
Electronics,251.64,50.59,Critical,Truck,5.55,4.32,synthetic
Electronics,125.37,7.88,Low,Van,2.72,2.95,synthetic
Food,167.94,18.58,Medium,Van,4.44,4.8,synthetic
Documents,139.3,14.04,Low,Van,3.31,3.79,synthetic
Pharmaceutical,53.88,63.32,Low,Van,1.25,1.27,synthetic
Electronics,354.86,4.64,Critical,Truck,8.21,6.18,synthetic
Documents,233.97,45.23,Low,Truck,5.48,7.04,synthetic
Food,145.15,20.47,Medium,Van,3.45,4.07,synthetic
Industrial,229.4,8.96,Low,Truck,5.03,5.76,synthetic
Apparel,667.56,47.6,Medium,Truck,15.77,16.22,synthetic
Electronics,144.49,19.6,Medium,Bike,6.84,7.3,synthetic
Electronics,180.16,43.14,Medium,Van,4.52,4.24,synthetic
Fragile,99.83,284.92,Medium,Truck,2.36,2.95,synthetic
Other,156.56,37.7,High,Van,3.96,3.35,synthetic
Electronics,286.65,55.7,Medium,Truck,5.66,5.7,synthetic
Food,213.98,22.38,Medium,Truck,5.12,4.96,synthetic
Fragile,233.32,5.31,Medium,Truck,5.15,6.16,synthetic
Food,524.01,17.51,Critical,Truck,9.99,8.4,synthetic
Industrial,506.25,21.64,High,Truck,11.16,10.93,synthetic
Industrial,355.69,11.06,High,Truck,7.46,7.22,synthetic
Apparel,69.95,5.1,High,Van,1.55,1.82,synthetic
Fragile,37.25,19.89,High,Van,0.82,0.34,synthetic
Pharmaceutical,248.39,45.59,Low,Truck,5.64,7.8,synthetic
Electronics,335.17,5.42,Low,Truck,6.76,7.77,synthetic
Food,85.61,16.63,Medium,Van,2.23,1.95,synthetic
Electronics,79.28,13.16,High,Van,1.87,1.84,synthetic
Electronics,41.47,23.4,Medium,Van,0.96,1.03,synthetic
Food,339.31,2.73,Medium,Truck,7.71,7.85,synthetic
Apparel,46.8,6.08,High,Van,1.25,1.09,synthetic
Food,385.76,91.69,High,Truck,8.23,7.9,synthetic
Food,360.34,6.81,Medium,Truck,7.18,7.81,synthetic
Documents,523.98,18.41,Critical,Truck,10.92,8.95,synthetic
Pharmaceutical,153.6,3.46,High,Van,3.56,3.81,synthetic
Electronics,120.64,16.41,Low,Van,3.07,3.38,synthetic
Electronics,319.38,20.9,Low,Truck,6.22,7.09,synthetic
Other,116.24,6.82,Medium,Van,2.79,2.38,synthetic
Pharmaceutical,155.41,35.72,Medium,Van,4.1,4.42,synthetic
Industrial,38.48,35.88,Medium,Van,0.94,1.19,synthetic
Documents,166.74,4.12,Low,Van,3.76,4.1,synthetic
Fragile,67.56,20.26,Medium,Van,1.84,2.33,synthetic
Food,214.22,139.15,Medium,Truck,4.86,5.64,synthetic
Food,145.67,109.28,Medium,Truck,3.34,3.5,synthetic
Food,221.79,18.59,High,Truck,4.31,3.75,synthetic
Fragile,52.25,35.04,Medium,Truck,1.02,1.23,synthetic
Food,207.41,85.22,Medium,Truck,4.13,4.55,synthetic
Pharmaceutical,77.18,9.84,Critical,Van,1.71,1.68,synthetic
Electronics,358.41,24.76,High,Truck,8.11,7.67,synthetic
Other,131.29,50.06,High,Van,3.21,2.94,synthetic
Fragile,111.51,14.05,Medium,Van,2.88,3.26,synthetic
Fragile,60.52,37.61,Medium,Van,1.56,1.89,synthetic
Electronics,168.7,177.35,Medium,Truck,3.25,3.61,synthetic
Other,220.82,11.38,Critical,Truck,5.27,4.38,synthetic
Pharmaceutical,58.53,72.78,High,Van,1.54,1.51,synthetic
Apparel,88.43,13.58,Medium,Van,1.92,2.25,synthetic
Pharmaceutical,164.19,64.09,Low,Air,0.29,0.33,synthetic
Fragile,205.39,6.21,High,Truck,4.68,5.66,synthetic
Pharmaceutical,209.04,7.09,Medium,Truck,4.61,4.62,synthetic
Other,131.97,32.65,Medium,Van,3.53,3.52,synthetic
Fragile,283.92,21.66,Medium,Truck,6.66,7.66,synthetic
Pharmaceutical,71.03,77.64,Low,Van,1.55,2.76,synthetic
Apparel,194.09,8.72,Low,Van,5.05,5.99,synthetic
Food,156.01,5.02,High,Van,3.66,2.9,synthetic
Other,102.12,27.73,Low,Van,2.34,2.95,synthetic
Industrial,105.4,13.0,High,Van,2.45,2.57,synthetic
Apparel,117.54,11.92,High,Van,2.72,2.73,synthetic
Apparel,88.1,26.51,High,Van,2.24,1.85,synthetic
Fragile,86.81,20.93,Low,Van,1.98,2.3,synthetic
Pharmaceutical,145.81,14.93,Medium,Van,3.53,4.77,synthetic
Industrial,223.15,5.58,High,Truck,4.88,5.01,synthetic
Documents,32.94,8.32,Medium,Van,0.8,1.23,synthetic
Documents,223.87,74.97,Medium,Truck,4.2,4.57,synthetic
Apparel,144.32,17.12,High,Van,3.9,3.45,synthetic
Pharmaceutical,247.08,17.55,High,Truck,5.61,5.13,synthetic
Electronics,186.38,70.58,Medium,Van,4.24,4.61,synthetic
Other,204.2,14.76,Medium,Truck,4.88,5.31,synthetic
Apparel,310.59,94.06,Critical,Truck,7.17,6.23,synthetic
Industrial,539.79,9.36,Medium,Truck,12.37,13.03,synthetic
Documents,271.8,27.02,Medium,Truck,5.67,6.51,synthetic
Apparel,120.17,24.83,Medium,Van,3.18,2.9,synthetic
Documents,82.86,16.07,High,Van,1.86,1.8,synthetic
Electronics,290.17,41.37,Medium,Truck,5.47,6.16,synthetic
Documents,286.84,7.44,High,Bike,14.35,13.32,synthetic
Electronics,291.48,16.32,Low,Truck,5.77,6.64,synthetic
Documents,78.57,7.61,High,Van,1.82,2.31,synthetic
Pharmaceutical,301.09,117.25,Medium,Truck,5.67,6.13,synthetic
Apparel,86.1,30.56,High,Van,2.21,2.4,synthetic
Pharmaceutical,40.08,18.3,High,Van,0.97,1.16,synthetic
Food,85.37,13.33,Low,Van,2.3,2.68,synthetic
Apparel,185.43,28.85,Critical,Van,4.97,3.83,synthetic
Other,266.75,0.99,Medium,Truck,5.86,5.93,synthetic
Industrial,64.95,7.37,Low,Van,1.72,2.43,synthetic
Fragile,78.67,12.92,Medium,Van,1.86,2.45,synthetic
Food,99.06,101.78,Medium,Truck,2.3,2.45,synthetic
Electronics,112.83,10.16,Critical,Van,2.59,1.7,synthetic
Industrial,51.32,10.73,Low,Van,1.12,2.03,synthetic
Other,215.24,3.48,High,Truck,4.62,3.89,synthetic
Documents,148.35,12.88,Critical,Van,3.61,2.87,synthetic
Food,108.41,41.83,Low,Van,2.41,2.72,synthetic
Industrial,146.25,27.53,Medium,Van,3.46,3.92,synthetic
Food,211.05,138.74,Low,Truck,4.39,5.13,synthetic
Documents,104.57,17.83,Medium,Van,2.46,2.31,synthetic
Food,238.29,44.69,Low,Air,0.42,0.64,synthetic
Fragile,170.02,13.68,High,Van,3.69,3.58,synthetic
Other,67.81,84.35,Low,Truck,1.43,2.13,synthetic
Fragile,628.94,50.64,Medium,Truck,11.96,14.77,synthetic
Apparel,177.74,11.87,Medium,Van,4.79,5.05,synthetic
Other,172.63,5.66,Medium,Van,3.99,3.28,synthetic
Other,129.72,103.45,Medium,Truck,2.64,2.69,synthetic
Food,131.13,73.42,Medium,Van,3.02,3.54,synthetic
Food,693.33,10.59,Medium,Truck,16.08,17.15,synthetic
Apparel,82.59,57.03,Critical,Van,1.83,2.52,synthetic
Electronics,188.23,46.59,High,Van,4.71,4.17,synthetic
Food,605.26,33.12,Critical,Truck,13.03,10.69,synthetic
Industrial,177.22,43.98,High,Van,3.84,3.07,synthetic
Pharmaceutical,188.58,5.96,Medium,Van,4.47,4.51,synthetic
Electronics,241.07,37.55,Medium,Truck,5.47,6.14,synthetic
Apparel,130.64,12.28,Medium,Van,3.39,3.79,synthetic
Other,321.54,27.22,Critical,Truck,6.55,5.11,synthetic
Food,216.95,3.72,Critical,Truck,4.11,3.27,synthetic
Documents,483.29,7.75,High,Truck,9.76,9.13,synthetic
Pharmaceutical,208.31,42.03,Medium,Truck,4.86,5.8,synthetic
Documents,311.31,45.18,Critical,Truck,6.51,5.41,synthetic
Apparel,849.43,13.79,Low,Truck,19.57,23.19,synthetic
Fragile,139.12,35.04,Critical,Van,3.1,2.95,synthetic
Fragile,437.63,22.1,High,Truck,8.47,8.9,synthetic
Electronics,111.5,8.7,High,Van,2.43,2.29,synthetic
Apparel,100.21,7.51,High,Van,2.26,2.2,synthetic
Apparel,291.27,10.82,Medium,Truck,5.62,6.37,synthetic
Apparel,434.0,541.27,Critical,Truck,10.28,9.13,synthetic
Food,85.26,17.64,Medium,Van,2.28,2.42,synthetic
Food,276.47,16.27,Low,Truck,6.13,6.6,synthetic
Industrial,53.61,25.0,Critical,Van,1.25,1.73,synthetic
Pharmaceutical,94.47,8.17,Medium,Van,2.24,1.99,synthetic
Fragile,183.07,19.36,Medium,Van,4.5,5.26,synthetic
Documents,386.29,17.75,Medium,Truck,8.84,9.53,synthetic
Food,315.22,72.06,Medium,Truck,6.06,6.15,synthetic
Documents,169.25,12.01,High,Van,4.26,3.66,synthetic
Electronics,103.98,7.32,High,Bike,4.51,4.92,synthetic
Fragile,254.57,7.5,High,Truck,5.71,5.57,synthetic
Industrial,170.18,9.09,Critical,Van,4.63,3.52,synthetic
Documents,350.66,42.16,High,Bike,14.52,13.45,synthetic
Industrial,87.74,22.35,High,Van,2.13,2.33,synthetic
Documents,215.44,80.89,Medium,Truck,5.16,5.23,synthetic
Apparel,158.15,41.49,Medium,Van,3.55,3.69,synthetic
Pharmaceutical,242.61,7.39,Critical,Truck,4.65,4.32,synthetic
Food,74.09,195.35,Critical,Truck,1.58,1.78,synthetic
Electronics,220.05,40.63,High,Truck,5.12,5.55,synthetic
Food,59.97,40.1,Medium,Truck,1.21,1.69,synthetic
Industrial,1097.47,10.75,Low,Truck,20.71,24.32,synthetic
Fragile,133.71,36.83,Medium,Van,3.25,3.86,synthetic
Pharmaceutical,217.67,60.89,Critical,Van,5.81,5.58,synthetic
Food,148.15,38.3,High,Van,3.63,3.52,synthetic
Food,182.77,1.78,Medium,Van,4.87,5.62,synthetic
Apparel,364.95,9.09,Low,Truck,7.13,8.42,synthetic
Documents,1257.91,61.43,High,Air,1.86,2.25,synthetic
Documents,43.02,19.94,High,Van,1.18,1.02,synthetic
Food,306.32,50.23,Low,Truck,6.94,8.35,synthetic
Electronics,39.23,28.94,High,Van,0.92,1.4,synthetic
Fragile,141.66,41.61,Critical,Van,3.13,3.29,synthetic
Industrial,97.69,58.43,Medium,Van,2.21,2.31,synthetic
Pharmaceutical,32.87,42.73,Critical,Van,0.83,0.74,synthetic
Documents,315.21,4.54,High,Truck,7.05,6.28,synthetic
Documents,397.89,23.35,High,Truck,7.79,6.62,synthetic
Fragile,97.4,6.85,Medium,Truck,2.12,2.7,synthetic
Food,360.01,33.42,High,Truck,7.92,7.54,synthetic
Documents,222.19,16.61,Low,Truck,4.95,5.55,synthetic
Fragile,55.04,5.03,Medium,Van,1.37,1.36,synthetic
Apparel,35.55,3.17,Medium,Bike,1.6,1.53,synthetic
Apparel,400.88,249.03,Low,Truck,8.57,11.26,synthetic
Other,88.87,27.46,Medium,Van,2.33,2.11,synthetic
Documents,363.9,21.27,Medium,Truck,7.81,7.9,synthetic
Industrial,1121.63,16.22,High,Air,2.06,2.19,synthetic
Electronics,136.7,44.49,Medium,Van,3.36,3.59,synthetic
Other,49.92,2.98,Medium,Van,1.32,1.33,synthetic
Food,110.84,10.47,Medium,Van,2.75,3.12,synthetic
Pharmaceutical,133.85,35.18,Critical,Van,3.53,3.28,synthetic
Industrial,210.23,56.73,High,Bike,10.0,9.38,synthetic
Other,168.98,21.63,Medium,Van,4.06,4.76,synthetic
Pharmaceutical,180.99,60.15,Medium,Van,4.22,4.76,synthetic
Electronics,851.88,21.45,Medium,Truck,17.24,18.61,synthetic
Other,367.26,41.8,Medium,Truck,8.18,9.2,synthetic
Documents,341.61,17.5,Medium,Train,5.59,6.17,synthetic
Documents,120.23,24.83,Low,Van,2.97,2.92,synthetic
Apparel,156.08,3.39,Critical,Train,2.28,1.84,synthetic
Fragile,124.04,86.75,Medium,Truck,2.82,3.43,synthetic
Food,376.89,9.47,High,Truck,7.87,7.47,synthetic
Fragile,144.84,58.34,Medium,Van,3.13,3.62,synthetic
Other,53.81,42.51,High,Van,1.44,1.18,synthetic
Fragile,138.93,2.44,High,Van,3.69,4.32,synthetic
Food,187.21,105.74,Critical,Truck,4.42,3.37,synthetic
Electronics,51.07,41.11,Medium,Van,1.12,1.7,synthetic
Food,172.22,37.32,Critical,Van,4.17,3.89,synthetic
Electronics,356.95,22.29,Low,Truck,8.3,10.18,synthetic
Pharmaceutical,486.44,34.48,Critical,Truck,11.26,11.17,synthetic
Electronics,58.81,9.92,High,Van,1.4,0.62,synthetic
Food,123.88,115.87,Low,Truck,2.58,3.52,synthetic
Electronics,157.98,60.94,High,Van,3.82,3.85,synthetic
Food,137.75,3.18,Medium,Van,3.36,3.86,synthetic
Pharmaceutical,112.26,11.57,High,Van,2.51,2.4,synthetic
Pharmaceutical,467.38,123.08,Medium,Truck,9.38,11.34,synthetic
Electronics,181.95,85.99,Medium,Truck,3.57,4.23,synthetic
Other,156.06,50.94,Low,Van,3.84,4.55,synthetic
Industrial,499.17,20.65,High,Truck,9.8,9.16,synthetic
Pharmaceutical,86.47,3.04,Critical,Van,1.97,1.8,synthetic
Fragile,93.19,20.13,Low,Van,2.19,2.67,synthetic
Other,66.67,15.41,Low,Van,1.58,1.78,synthetic
Other,294.05,119.05,Medium,Truck,6.22,6.6,synthetic
Documents,542.42,42.93,Medium,Truck,12.56,13.73,synthetic
Electronics,111.82,4.79,Medium,Van,2.73,2.78,synthetic
Pharmaceutical,47.62,6.0,Medium,Van,1.27,1.37,synthetic
Other,256.39,28.79,High,Truck,6.03,5.88,synthetic
Pharmaceutical,325.31,90.45,Medium,Truck,7.24,8.81,synthetic
Pharmaceutical,167.44,23.2,Low,Air,0.29,0.3,synthetic
Industrial,196.46,29.32,Medium,Van,4.33,4.64,synthetic
Industrial,53.83,29.89,Medium,Van,1.33,1.08,synthetic
Food,74.81,6.78,High,Van,1.98,1.66,synthetic
Food,136.74,8.68,High,Van,3.74,3.94,synthetic
Fragile,101.28,3.48,Medium,Van,2.61,3.44,synthetic
Documents,161.3,55.97,Low,Truck,3.49,4.21,synthetic
Documents,78.39,49.53,Medium,Van,2.0,2.42,synthetic
Other,124.78,65.24,Critical,Van,3.28,2.08,synthetic
Other,323.11,57.22,Medium,Truck,7.21,7.57,synthetic
Other,1146.33,45.22,Medium,Truck,24.08,25.16,synthetic
Industrial,114.12,42.57,Medium,Van,2.49,2.67,synthetic
Industrial,121.06,14.96,Medium,Van,3.14,3.03,synthetic
Food,391.61,51.58,High,Truck,8.41,8.02,synthetic
Fragile,357.4,64.18,Medium,Truck,8.43,10.08,synthetic
Documents,47.42,33.32,High,Van,1.05,0.75,synthetic
Documents,124.75,24.73,Medium,Van,2.74,3.17,synthetic
Apparel,327.09,4.51,Medium,Truck,6.32,6.64,synthetic
Other,658.2,203.76,Low,Truck,15.72,18.99,synthetic
Food,90.29,42.21,Medium,Van,2.44,2.66,synthetic
Other,191.1,20.4,Critical,Van,4.16,3.68,synthetic
Food,121.83,12.39,High,Van,2.94,2.66,synthetic
Fragile,472.45,32.06,Medium,Truck,11.32,13.37,synthetic
Pharmaceutical,97.24,4.88,High,Van,2.42,3.57,synthetic
Electronics,75.18,43.0,High,Van,2.01,2.06,synthetic
Pharmaceutical,85.5,3.05,Medium,Truck,2.04,1.94,synthetic
Electronics,239.24,34.33,Low,Truck,5.48,6.91,synthetic
Pharmaceutical,224.17,43.06,Critical,Truck,5.27,4.77,synthetic
Electronics,169.73,11.83,Low,Van,3.74,4.76,synthetic
Apparel,99.09,59.7,Medium,Van,2.46,2.97,synthetic
Apparel,186.57,86.22,High,Truck,4.29,4.21,synthetic
Food,679.63,24.5,High,Truck,13.73,13.37,synthetic
Industrial,88.78,66.91,Low,Van,1.99,1.93,synthetic
Fragile,112.91,65.92,High,Van,2.8,2.45,synthetic
Pharmaceutical,333.21,89.66,Medium,Truck,7.28,7.75,synthetic
Industrial,490.36,15.78,High,Truck,9.48,9.19,synthetic
Pharmaceutical,165.26,31.5,Medium,Van,3.82,4.77,synthetic
Pharmaceutical,79.94,56.28,Critical,Van,1.9,0.88,synthetic
Fragile,262.92,27.8,Medium,Truck,6.11,6.78,synthetic
Food,224.33,10.91,Medium,Truck,4.47,5.2,synthetic
Electronics,177.2,76.01,High,Van,4.2,3.72,synthetic
Industrial,226.47,10.35,High,Truck,5.33,5.72,synthetic
Electronics,158.07,32.63,Low,Van,3.85,5.07,synthetic
Other,550.16,31.32,Low,Truck,11.58,14.32,synthetic
Electronics,129.05,10.56,Medium,Van,3.33,3.79,synthetic
Other,434.55,52.27,Low,Truck,10.11,11.97,synthetic
Industrial,380.78,18.22,High,Truck,7.37,6.68,synthetic
Apparel,196.97,72.67,High,Van,4.75,4.81,synthetic
Pharmaceutical,124.97,2.59,Critical,Van,3.02,2.92,synthetic
Other,160.89,24.89,Low,Van,3.63,4.02,synthetic
Industrial,270.51,6.34,High,Truck,5.34,5.08,synthetic
Pharmaceutical,169.5,9.79,Medium,Van,4.09,4.77,synthetic
Electronics,208.64,16.27,High,Truck,4.27,4.26,synthetic
Electronics,363.98,8.78,Medium,Truck,7.07,7.28,synthetic
Industrial,130.04,11.72,Medium,Air,0.23,0.31,synthetic
Fragile,147.96,24.64,Low,Van,3.32,5.14,synthetic
Pharmaceutical,330.74,30.83,Low,Truck,7.43,10.32,synthetic
Apparel,54.18,6.14,Low,Van,1.22,1.05,synthetic
Electronics,125.75,14.62,Low,Van,3.43,3.74,synthetic
Other,431.26,11.8,High,Truck,8.51,8.49,synthetic
Electronics,459.41,11.92,High,Truck,10.97,9.76,synthetic
Apparel,378.74,22.7,Critical,Truck,8.95,7.42,synthetic
Documents,102.61,31.77,Medium,Van,2.64,3.07,synthetic
Electronics,113.67,20.73,Medium,Van,2.91,3.18,synthetic
Electronics,293.35,44.73,Medium,Truck,6.92,7.32,synthetic
Apparel,234.81,51.18,Critical,Truck,4.41,3.43,synthetic
Other,82.48,98.73,Low,Truck,1.89,2.96,synthetic
Industrial,104.1,19.1,High,Van,2.44,2.38,synthetic
Electronics,167.38,173.19,High,Truck,3.84,3.34,synthetic
Food,118.42,10.44,High,Van,2.9,2.17,synthetic
Electronics,174.85,44.76,Low,Van,4.12,4.68,synthetic
Industrial,117.48,8.94,Medium,Van,2.91,3.3,synthetic
Other,186.33,57.66,High,Van,4.61,4.35,synthetic
Other,90.84,4.72,Low,Van,2.25,2.9,synthetic
Food,91.22,11.07,Low,Van,2.14,2.03,synthetic
Food,79.33,21.6,High,Van,1.98,1.76,synthetic
Electronics,135.26,13.05,High,Van,3.33,3.46,synthetic
Other,253.61,34.9,High,Truck,5.01,4.65,synthetic
Documents,296.75,7.94,High,Truck,6.11,5.17,synthetic
Industrial,365.51,117.88,Medium,Truck,7.8,7.74,synthetic
Fragile,119.77,8.97,Low,Van,3.28,3.89,synthetic
Apparel,132.39,129.13,Low,Bike,6.82,8.09,synthetic
Fragile,304.57,66.69,High,Truck,5.87,5.83,synthetic
Fragile,217.19,41.83,Medium,Truck,4.98,5.43,synthetic
Electronics,405.27,23.35,Medium,Truck,9.59,9.99,synthetic
Pharmaceutical,115.21,149.71,Low,Truck,2.48,3.41,synthetic
Pharmaceutical,560.22,14.3,Medium,Truck,10.81,12.73,synthetic
Apparel,102.21,80.61,High,Truck,2.13,1.86,synthetic
Fragile,355.23,2.41,Low,Truck,7.7,10.79,synthetic
Documents,122.73,103.02,High,Truck,2.68,2.04,synthetic
Electronics,88.24,19.32,Medium,Van,2.12,2.43,synthetic
Apparel,279.85,39.9,Low,Truck,5.87,7.03,synthetic
Industrial,349.88,71.78,Medium,Truck,8.24,8.95,synthetic
Other,89.45,15.05,Medium,Van,2.15,2.2,synthetic
Other,331.69,20.53,High,Truck,7.82,7.5,synthetic
Electronics,145.59,29.43,Low,Truck,3.13,3.92,synthetic
Pharmaceutical,113.1,18.4,Critical,Van,2.76,1.89,synthetic
Pharmaceutical,148.87,18.7,Low,Van,3.4,3.93,synthetic
Industrial,309.48,157.01,High,Truck,6.35,5.95,synthetic
Documents,264.41,8.95,Low,Truck,6.23,7.65,synthetic
Food,142.36,1.25,Medium,Van,3.12,3.09,synthetic
Other,174.31,2.04,Medium,Van,3.93,4.3,synthetic
Apparel,185.12,17.97,Medium,Van,4.8,4.97,synthetic
Other,120.46,24.31,High,Air,0.22,0.3,synthetic
Apparel,212.32,35.07,Critical,Truck,4.85,3.98,synthetic
Other,178.32,14.14,Medium,Van,4.14,3.98,synthetic
Pharmaceutical,87.1,46.63,Medium,Van,2.15,2.46,synthetic
Other,128.25,38.05,High,Van,3.09,3.23,synthetic
Documents,297.9,154.2,Medium,Truck,6.36,6.34,synthetic
Pharmaceutical,38.99,2.65,Low,Bike,1.96,2.2,synthetic
Industrial,351.11,28.51,Medium,Truck,6.58,6.91,synthetic
Pharmaceutical,91.39,542.34,High,Truck,2.04,2.51,synthetic
Fragile,58.94,114.87,High,Truck,1.34,0.96,synthetic
Other,114.9,27.39,Low,Van,3.06,4.32,synthetic
Fragile,139.57,82.81,Medium,Truck,3.23,4.2,synthetic
Food,176.54,4.31,Low,Van,4.52,5.6,synthetic
Fragile,213.88,8.69,Medium,Truck,4.62,5.47,synthetic
Electronics,72.2,5.37,Medium,Van,1.98,2.55,synthetic
Electronics,349.14,4.48,Critical,Truck,7.08,6.0,synthetic
Pharmaceutical,277.97,2.34,Medium,Truck,6.24,7.35,synthetic
Documents,358.64,103.65,Low,Truck,7.63,9.44,synthetic
Other,192.99,18.9,Medium,Van,4.65,4.8,synthetic
Fragile,176.05,73.98,High,Van,4.57,4.99,synthetic
Industrial,282.9,6.62,High,Truck,6.02,5.48,synthetic
Food,265.63,7.84,Medium,Truck,5.1,5.15,synthetic
Food,165.7,36.32,Critical,Van,3.83,3.15,synthetic
Other,287.08,11.02,Medium,Truck,5.75,5.73,synthetic
Electronics,237.3,5.72,Medium,Truck,5.55,6.38,synthetic
Fragile,231.91,41.2,Medium,Truck,5.1,5.93,synthetic
Industrial,102.52,29.81,Medium,Van,2.74,3.03,synthetic
Other,557.71,77.78,Low,Truck,11.66,13.72,synthetic
Industrial,373.78,3.76,Low,Truck,8.05,9.43,synthetic
Industrial,101.65,54.03,High,Van,2.39,2.16,synthetic
Documents,586.17,54.01,Medium,Truck,11.93,12.96,synthetic
Pharmaceutical,233.76,22.65,Low,Van,5.31,7.16,synthetic
Food,71.07,49.87,High,Van,1.58,1.44,synthetic
Other,751.92,7.96,Medium,Truck,15.45,16.06,synthetic
Pharmaceutical,639.5,40.16,Medium,Air,1.12,1.18,synthetic
Other,481.67,71.17,Medium,Truck,11.42,12.67,synthetic
Food,318.71,4.0,Medium,Truck,6.88,7.21,synthetic
Other,120.83,14.73,Medium,Van,3.22,2.75,synthetic
Food,417.43,11.34,Medium,Truck,8.55,9.11,synthetic
Pharmaceutical,378.59,22.87,High,Truck,8.59,8.56,synthetic
Food,281.9,54.57,High,Truck,5.98,5.52,synthetic
Fragile,150.73,106.7,Critical,Truck,3.58,2.81,synthetic
Fragile,170.17,12.04,High,Van,4.23,4.86,synthetic
Other,187.95,118.21,Critical,Truck,3.96,3.57,synthetic
Electronics,231.26,18.99,Low,Truck,5.2,6.16,synthetic
Pharmaceutical,134.21,34.68,Medium,Van,3.24,3.84,synthetic
Other,53.84,28.52,Medium,Van,1.45,1.73,synthetic
Electronics,721.6,7.75,Medium,Air,1.28,1.37,synthetic
Electronics,199.49,14.98,High,Van,5.08,4.27,synthetic
Apparel,1139.72,108.33,High,Air,2.1,1.51,synthetic
Pharmaceutical,104.29,11.37,High,Van,2.81,2.47,synthetic
Fragile,107.91,10.39,Medium,Van,2.33,2.68,synthetic
Electronics,164.12,18.06,Medium,Van,3.92,4.08,synthetic
Electronics,99.24,57.17,Medium,Bike,4.24,4.6,synthetic
Pharmaceutical,348.83,66.84,Critical,Truck,7.57,7.12,synthetic
Industrial,220.85,32.19,Medium,Truck,4.93,6.21,synthetic
Industrial,132.64,14.34,High,Van,3.27,2.85,synthetic
Pharmaceutical,106.66,3.75,Medium,Van,2.68,3.03,synthetic
Fragile,108.98,102.44,Medium,Truck,2.49,2.93,synthetic
Apparel,128.03,19.71,High,Van,3.28,2.41,synthetic
Industrial,308.45,34.24,Medium,Truck,6.41,7.19,synthetic
Apparel,346.99,56.01,High,Truck,7.36,6.99,synthetic
Electronics,388.9,8.76,High,Truck,8.43,7.75,synthetic
Electronics,49.57,8.67,Medium,Van,1.1,0.73,synthetic
Fragile,186.76,174.05,Medium,Air,0.33,0.3,synthetic
Food,64.46,20.32,High,Van,1.71,1.87,synthetic
Food,107.33,19.25,Low,Van,2.89,2.51,synthetic
Apparel,202.63,22.0,Medium,Truck,3.95,4.06,synthetic
Pharmaceutical,405.09,10.97,Medium,Truck,8.75,10.86,synthetic
Industrial,354.66,95.12,Medium,Truck,7.38,7.78,synthetic
Food,213.09,31.78,Medium,Truck,4.96,5.99,synthetic
Fragile,105.39,118.42,Critical,Truck,2.43,2.24,synthetic
Documents,68.86,22.27,Medium,Air,0.11,0.3,synthetic
Food,1233.55,63.62,High,Van,27.8,25.64,synthetic
Apparel,193.27,3.13,Low,Van,5.15,5.94,synthetic
Fragile,77.46,53.81,Medium,Van,1.69,1.41,synthetic
Electronics,581.12,34.69,Critical,Truck,11.29,8.96,synthetic
Other,77.61,6.01,Medium,Van,1.74,1.43,synthetic
Documents,223.07,14.33,Critical,Truck,4.27,3.94,synthetic
Electronics,188.54,8.34,Low,Van,4.14,4.64,synthetic
Documents,35.24,7.68,Medium,Van,0.85,0.42,synthetic
Fragile,116.1,34.92,Critical,Van,2.71,1.97,synthetic
Electronics,1004.68,4.24,Low,Truck,22.58,26.15,synthetic
Documents,988.03,14.54,Critical,Truck,21.07,17.25,synthetic
Food,211.66,37.89,High,Truck,4.02,3.34,synthetic
Electronics,182.87,65.18,Medium,Van,4.7,4.5,synthetic
Other,307.56,36.11,Medium,Truck,6.81,7.28,synthetic
Electronics,251.84,26.44,Medium,Truck,5.56,5.76,synthetic
Pharmaceutical,296.52,95.66,Medium,Truck,6.83,7.49,synthetic
Documents,176.26,11.03,High,Van,4.05,3.59,synthetic
Apparel,44.61,10.63,Medium,Van,1.1,0.87,synthetic
Apparel,463.21,43.32,High,Truck,9.64,8.66,synthetic
Food,117.61,7.86,High,Van,3.07,2.91,synthetic
Other,113.54,33.98,High,Van,2.87,2.92,synthetic
Other,151.57,16.56,Low,Van,3.39,3.79,synthetic
Electronics,246.64,91.5,Medium,Truck,5.32,5.32,synthetic
Apparel,276.26,11.63,High,Truck,6.28,5.56,synthetic
Fragile,216.42,65.68,Low,Truck,4.76,6.87,synthetic
Fragile,251.84,9.76,Medium,Truck,5.91,7.06,synthetic
Other,605.46,29.61,High,Truck,12.37,11.78,synthetic
Other,207.84,36.52,Medium,Truck,4.83,4.8,synthetic
Pharmaceutical,115.51,49.31,Medium,Van,2.74,2.83,synthetic
Fragile,274.92,11.06,Medium,Truck,6.2,7.3,synthetic
Electronics,160.51,27.15,Medium,Bike,8.13,8.24,synthetic
Fragile,161.47,13.16,High,Bike,7.48,7.69,synthetic
Food,124.07,46.03,Low,Van,2.84,3.25,synthetic
Apparel,273.72,22.02,Medium,Truck,5.23,5.29,synthetic
Food,205.82,38.74,Medium,Truck,4.28,4.5,synthetic
Documents,162.37,20.57,Low,Van,4.41,4.94,synthetic
Electronics,129.46,15.88,Critical,Van,3.25,2.97,synthetic
Other,371.79,24.01,Critical,Truck,7.91,6.36,synthetic
Industrial,892.1,26.25,High,Air,1.32,0.61,synthetic
Food,321.31,39.64,Medium,Truck,6.22,6.64,synthetic
Industrial,141.72,57.59,Low,Van,3.56,4.76,synthetic
Electronics,268.04,45.35,High,Truck,5.31,4.65,synthetic
Electronics,358.62,11.28,Medium,Truck,7.99,8.67,synthetic
Apparel,232.69,55.79,Critical,Train,3.36,2.71,synthetic
Apparel,369.45,10.56,Critical,Truck,7.42,5.73,synthetic
Industrial,208.75,8.08,High,Truck,4.33,5.2,synthetic
Documents,138.87,116.98,High,Truck,2.97,3.5,synthetic
Food,137.39,121.51,Critical,Truck,2.82,2.13,synthetic
Apparel,233.42,106.91,Low,Air,0.38,0.3,synthetic
Documents,70.68,19.14,Medium,Van,1.86,1.6,synthetic
Industrial,381.1,47.84,Medium,Truck,9.13,9.37,synthetic
Fragile,85.66,13.99,High,Truck,1.99,1.78,synthetic
Food,191.61,5.16,High,Van,4.25,4.05,synthetic
Other,108.93,253.11,Critical,Truck,2.09,2.0,synthetic
Electronics,443.31,9.7,Low,Truck,9.34,10.33,synthetic
Other,45.04,44.46,High,Van,1.06,0.89,synthetic
Fragile,337.44,84.3,Low,Truck,7.43,10.09,synthetic
Other,166.66,111.92,Medium,Truck,3.81,4.69,synthetic
Pharmaceutical,564.58,44.56,Medium,Truck,10.76,12.52,synthetic
Other,709.88,11.76,Low,Truck,13.69,16.43,synthetic
Fragile,485.62,94.85,Low,Van,10.48,14.08,synthetic
Documents,185.27,9.65,High,Van,5.02,4.7,synthetic
Food,257.38,12.3,Medium,Air,0.44,0.31,synthetic
Food,104.23,72.18,High,Van,2.69,3.04,synthetic
Other,222.35,84.02,Medium,Truck,4.31,4.9,synthetic
Pharmaceutical,103.59,35.76,Low,Van,2.54,2.93,synthetic
Fragile,238.94,186.52,Medium,Truck,5.6,7.09,synthetic
Other,92.67,115.5,Medium,Truck,2.18,2.18,synthetic
Fragile,592.66,11.18,Low,Truck,13.46,17.97,synthetic
Electronics,98.89,100.43,Medium,Truck,1.94,1.98,synthetic
Industrial,586.57,19.95,High,Truck,12.43,11.23,synthetic
Fragile,181.31,32.64,Medium,Van,3.94,3.83,synthetic
Other,186.14,25.73,Low,Van,4.55,5.62,synthetic
Documents,93.37,682.77,Low,Truck,1.94,2.07,synthetic
Fragile,132.99,77.45,Medium,Van,3.51,3.57,synthetic
Electronics,78.7,131.82,Medium,Truck,1.6,1.42,synthetic
Food,184.99,18.64,Medium,Van,4.47,4.68,synthetic
Documents,122.46,36.39,Medium,Van,3.33,3.67,synthetic
Other,81.16,27.05,Medium,Van,1.76,1.6,synthetic
Industrial,140.64,14.99,Medium,Van,3.16,3.45,synthetic
Fragile,39.23,71.21,High,Van,0.91,0.9,synthetic
Electronics,61.05,12.82,Low,Van,1.39,1.96,synthetic
Food,165.23,14.59,Medium,Van,4.39,4.73,synthetic
Other,111.67,54.3,High,Van,2.74,2.76,synthetic
Electronics,205.96,100.39,Low,Truck,4.39,4.88,synthetic
Other,189.84,14.72,High,Van,4.59,4.22,synthetic
Food,535.37,22.41,Medium,Truck,11.68,12.41,synthetic
Food,55.24,118.06,Critical,Truck,1.16,0.71,synthetic
Fragile,430.61,34.55,Medium,Truck,9.98,12.22,synthetic
Pharmaceutical,67.01,11.41,Medium,Van,1.66,2.01,synthetic
Industrial,63.7,23.14,High,Van,1.62,1.63,synthetic
Apparel,328.16,15.41,Medium,Truck,7.0,7.03,synthetic
Fragile,176.62,7.99,Critical,Van,3.86,3.7,synthetic
Apparel,483.12,24.71,Low,Truck,11.0,12.57,synthetic
Food,1020.9,12.38,High,Truck,23.47,21.72,synthetic
Documents,174.62,81.04,High,Truck,3.8,3.74,synthetic
Documents,990.95,9.99,Low,Truck,22.82,27.61,synthetic
Other,112.75,43.11,Medium,Van,2.99,3.43,synthetic
Industrial,176.03,39.42,High,Van,4.7,4.13,synthetic
Industrial,86.9,39.27,Medium,Van,2.37,2.19,synthetic
Electronics,227.34,5.42,Medium,Truck,5.43,5.79,synthetic
Electronics,63.97,80.98,High,Truck,1.23,0.91,synthetic
Electronics,89.51,8.95,Medium,Van,2.07,2.12,synthetic
Pharmaceutical,107.33,27.12,Medium,Van,2.9,3.37,synthetic
Other,86.54,34.82,Low,Van,2.0,2.73,synthetic
Other,153.65,30.19,Medium,Air,0.27,0.38,synthetic
Apparel,63.48,24.32,Medium,Van,1.38,1.56,synthetic
Fragile,380.12,33.1,Critical,Truck,8.8,8.33,synthetic
Other,27.5,96.27,Low,Truck,0.53,0.99,synthetic
Food,232.96,174.02,High,Truck,5.07,4.99,synthetic
Electronics,75.2,49.83,High,Van,1.63,1.43,synthetic
Documents,21.09,29.87,Low,Train,0.36,0.3,synthetic
Other,572.21,34.55,High,Truck,13.28,12.43,synthetic
Documents,32.89,14.51,Medium,Van,0.78,1.11,synthetic
Food,147.43,41.03,Medium,Van,3.55,3.16,synthetic
Food,159.82,62.39,Medium,Van,3.83,3.97,synthetic
Documents,307.96,63.79,High,Truck,6.68,6.64,synthetic
Apparel,304.85,25.75,Medium,Truck,6.43,6.74,synthetic
Industrial,449.41,7.0,High,Truck,9.03,9.02,synthetic
Apparel,113.73,13.38,Medium,Van,2.6,2.38,synthetic
Food,83.58,23.43,High,Van,1.9,2.4,synthetic
Industrial,124.23,58.31,High,Truck,2.73,1.99,synthetic
Food,79.48,34.62,Low,Van,1.93,1.93,synthetic
Electronics,525.14,12.49,Medium,Truck,11.22,11.79,synthetic
Fragile,173.96,10.57,Critical,Van,4.41,3.73,synthetic
Industrial,132.47,28.79,High,Van,3.19,2.98,synthetic
Pharmaceutical,58.21,16.54,Medium,Van,1.35,2.48,synthetic
Documents,451.71,58.84,Critical,Truck,9.22,6.75,synthetic
Electronics,201.55,33.22,Medium,Truck,4.11,4.62,synthetic
Industrial,84.2,144.82,Low,Truck,1.77,1.93,synthetic
Food,73.83,4.71,Medium,Van,1.84,2.32,synthetic
Documents,218.27,10.83,Medium,Truck,5.16,5.68,synthetic
Documents,182.29,58.68,Medium,Van,4.68,5.07,synthetic
Documents,271.17,39.03,High,Truck,5.34,5.14,synthetic
Pharmaceutical,394.1,9.29,Critical,Truck,8.91,8.5,synthetic
Pharmaceutical,221.66,29.09,High,Truck,4.34,4.48,synthetic
Food,399.67,17.22,Medium,Truck,7.78,8.08,synthetic
Food,147.78,288.88,Low,Truck,3.39,4.23,synthetic
Pharmaceutical,320.31,23.28,Critical,Bike,14.12,12.99,synthetic
Documents,216.31,56.18,Medium,Truck,4.39,4.05,synthetic
Other,215.99,42.77,Medium,Truck,4.83,4.9,synthetic
Industrial,90.84,13.45,Medium,Van,2.14,2.36,synthetic
Fragile,421.56,36.77,Medium,Truck,9.76,11.04,synthetic
Documents,28.36,16.87,Medium,Van,0.65,0.94,synthetic
Industrial,72.66,22.68,Medium,Van,1.9,2.43,synthetic
Industrial,190.11,4.43,Low,Van,5.07,6.68,synthetic
Apparel,54.17,0.8,High,Van,1.29,1.58,synthetic
Pharmaceutical,327.77,15.0,High,Truck,6.81,7.18,synthetic
Apparel,179.46,71.62,Medium,Van,4.08,5.03,synthetic
Apparel,173.11,26.41,Medium,Van,3.97,4.17,synthetic
Industrial,34.8,194.21,Low,Truck,0.69,0.36,synthetic
Food,507.15,12.88,Medium,Truck,11.08,11.51,synthetic
Documents,445.27,3.07,High,Truck,8.9,7.81,synthetic
Industrial,108.43,2.67,Medium,Van,2.78,3.07,synthetic
Electronics,89.84,4.53,Low,Van,1.93,2.58,synthetic
Documents,108.17,25.2,Low,Van,2.52,3.7,synthetic
Other,423.36,4.89,Medium,Truck,9.95,10.38,synthetic
Fragile,274.98,51.06,Medium,Truck,5.63,6.72,synthetic
Fragile,818.46,27.26,Critical,Truck,18.35,16.47,synthetic
Electronics,87.46,15.05,Medium,Van,2.06,2.35,synthetic
Apparel,219.29,12.29,High,Van,5.27,4.74,synthetic
Industrial,160.73,89.77,High,Truck,3.18,2.6,synthetic
Industrial,99.65,22.21,Low,Van,2.49,3.06,synthetic
Fragile,190.45,25.24,High,Van,4.77,5.38,synthetic
Other,92.44,13.95,Medium,Air,0.14,0.3,synthetic
Pharmaceutical,418.96,27.45,High,Truck,9.79,10.24,synthetic
Electronics,323.62,30.14,Low,Truck,7.75,9.59,synthetic
Electronics,227.25,127.14,High,Truck,4.76,4.17,synthetic
Pharmaceutical,138.37,11.76,High,Van,3.46,3.82,synthetic
Documents,234.96,13.82,Low,Truck,5.53,6.49,synthetic
Other,232.32,23.86,Medium,Truck,4.77,4.74,synthetic
Fragile,50.63,84.39,Medium,Truck,0.99,0.44,synthetic
Other,113.94,48.87,Low,Train,1.99,2.14,synthetic
Fragile,83.39,17.02,Medium,Van,2.16,2.06,synthetic
Pharmaceutical,26.65,15.01,Medium,Van,0.67,0.99,synthetic
Other,273.31,30.43,Medium,Truck,6.3,6.15,synthetic
Pharmaceutical,238.17,33.22,Low,Truck,4.68,5.68,synthetic
Pharmaceutical,112.83,39.32,Critical,Van,2.93,2.99,synthetic
Pharmaceutical,97.04,18.47,Medium,Van,2.4,2.98,synthetic
Fragile,57.05,39.14,Medium,Van,1.32,1.84,synthetic
Documents,67.49,154.76,Medium,Van,1.54,1.49,synthetic
Documents,336.43,10.44,High,Truck,6.89,5.99,synthetic
Documents,166.58,20.35,Medium,Van,3.66,4.26,synthetic
Other,435.47,23.15,Medium,Truck,9.5,10.27,synthetic
Documents,82.53,24.68,Critical,Van,2.09,1.09,synthetic
Apparel,473.75,66.3,Medium,Truck,10.43,11.45,synthetic
Other,390.18,10.98,Low,Bike,18.2,21.42,synthetic
Food,185.69,7.74,Medium,Train,3.19,3.28,synthetic
Industrial,41.13,65.37,Critical,Van,0.91,0.59,synthetic
Fragile,692.04,18.08,Critical,Truck,15.69,14.61,synthetic
Other,112.18,8.31,Low,Van,2.42,2.78,synthetic
Apparel,451.83,8.39,Critical,Truck,9.05,8.14,synthetic
Pharmaceutical,70.94,24.5,Medium,Air,0.11,0.51,synthetic
Food,88.64,9.34,Medium,Van,2.13,2.2,synthetic
Documents,102.35,65.3,Low,Van,2.75,3.5,synthetic
Apparel,182.62,58.84,High,Van,4.39,4.37,synthetic
Food,110.45,50.37,Low,Van,2.67,3.07,synthetic
Documents,511.43,41.59,Medium,Truck,9.75,10.36,synthetic
Fragile,182.79,24.89,High,Van,4.38,4.42,synthetic
Fragile,120.67,41.09,High,Van,2.85,2.79,synthetic
Electronics,55.85,27.77,Medium,Van,1.51,1.6,synthetic
Fragile,171.0,25.82,Critical,Van,4.4,3.75,synthetic
Pharmaceutical,256.33,12.35,High,Truck,5.31,4.97,synthetic
Pharmaceutical,96.2,11.38,High,Van,2.25,2.68,synthetic
Documents,301.41,22.17,Critical,Truck,7.21,6.66,synthetic
Apparel,480.81,3.62,Low,Truck,9.86,11.61,synthetic
Apparel,1476.41,7.5,High,Air,2.4,2.21,synthetic
Apparel,195.3,43.06,Medium,Van,4.66,5.43,synthetic
Industrial,190.55,6.76,Low,Van,4.25,4.85,synthetic
Electronics,78.91,3.99,Critical,Van,2.04,1.32,synthetic
Food,236.47,55.38,Medium,Truck,5.46,5.98,synthetic
Electronics,104.8,91.48,Medium,Truck,2.13,2.6,synthetic
Industrial,238.52,74.58,High,Truck,5.41,4.95,synthetic
Industrial,145.73,63.73,High,Van,3.48,3.96,synthetic
Apparel,97.73,35.5,High,Van,2.61,2.71,synthetic
Pharmaceutical,314.83,60.61,Medium,Truck,6.14,8.44,synthetic
Fragile,98.18,22.05,High,Van,2.23,2.83,synthetic
Fragile,75.27,41.92,Medium,Van,1.72,2.12,synthetic
Industrial,256.72,44.02,Low,Truck,5.33,5.82,synthetic
Documents,304.43,10.71,Medium,Truck,6.22,6.33,synthetic
Documents,49.79,28.1,High,Van,1.23,1.83,synthetic
Documents,236.99,8.21,Medium,Truck,4.77,5.15,synthetic
Industrial,346.91,172.07,Low,Van,9.42,11.61,synthetic
Documents,504.36,10.87,Medium,Van,13.61,14.46,synthetic
Other,362.06,90.99,High,Truck,7.62,7.19,synthetic
Other,466.7,53.75,Medium,Truck,9.25,9.99,synthetic
Pharmaceutical,384.05,56.54,Low,Truck,9.12,12.28,synthetic
Electronics,62.26,11.94,High,Van,1.34,1.8,synthetic
Fragile,262.06,45.36,Low,Truck,5.8,7.83,synthetic
Industrial,392.18,7.64,Low,Truck,8.86,10.59,synthetic
Apparel,208.58,28.03,High,Truck,4.6,4.02,synthetic
Pharmaceutical,494.63,42.72,Critical,Truck,9.81,9.19,synthetic
Fragile,157.64,24.4,Critical,Van,3.72,3.41,synthetic
Fragile,165.06,14.13,Critical,Van,4.27,3.82,synthetic
Other,123.35,180.57,Medium,Truck,2.93,3.45,synthetic
Industrial,173.13,12.35,Low,Van,3.83,4.52,synthetic
Apparel,145.24,18.62,Medium,Van,3.62,3.59,synthetic
Pharmaceutical,236.41,131.67,Medium,Truck,5.64,6.72,synthetic
Food,557.29,5.13,Low,Truck,11.7,13.53,synthetic
Electronics,279.93,39.69,Medium,Truck,6.64,7.44,synthetic
Industrial,145.7,54.85,High,Van,3.77,3.59,synthetic
Apparel,59.76,25.38,High,Van,1.48,1.64,synthetic
Food,346.91,109.62,Medium,Truck,7.72,8.62,synthetic
Fragile,77.67,69.22,Medium,Van,1.97,2.34,synthetic
Pharmaceutical,112.26,27.35,Medium,Van,2.65,2.6,synthetic
Apparel,84.73,75.24,Low,Van,1.89,2.06,synthetic
Fragile,254.32,24.38,Low,Truck,5.2,6.89,synthetic
Other,110.45,4.21,Critical,Van,2.83,2.38,synthetic
Fragile,620.44,7.9,High,Truck,12.59,12.34,synthetic
Apparel,280.6,65.97,High,Truck,5.28,4.54,synthetic
Electronics,254.76,59.59,Critical,Truck,5.48,4.87,synthetic
Industrial,129.7,41.31,Critical,Van,2.82,1.96,synthetic
Fragile,337.2,8.3,High,Truck,7.47,7.71,synthetic
Food,319.02,58.88,Medium,Truck,6.1,6.13,synthetic
Apparel,34.88,19.53,High,Van,0.9,0.95,synthetic
Apparel,273.96,54.36,Low,Truck,5.74,6.06,synthetic
Pharmaceutical,190.93,8.67,High,Bike,9.03,9.38,synthetic
Documents,182.85,4.5,High,Van,4.39,3.9,synthetic
Pharmaceutical,491.71,59.94,Critical,Truck,9.96,9.48,synthetic
Industrial,162.02,5.2,High,Van,3.49,3.13,synthetic
Other,109.58,48.0,Low,Van,2.93,3.62,synthetic
Industrial,38.59,45.66,High,Van,0.95,1.01,synthetic
Pharmaceutical,78.04,22.84,Low,Van,2.08,3.1,synthetic
Pharmaceutical,299.78,20.62,Medium,Bike,12.93,15.21,synthetic
Documents,256.11,12.97,Medium,Truck,5.8,6.25,synthetic
Other,247.94,5.72,Low,Van,5.46,6.02,synthetic
Pharmaceutical,207.92,63.5,High,Truck,4.81,5.23,synthetic
Fragile,240.73,14.56,High,Truck,4.64,4.93,synthetic
Fragile,518.78,7.69,High,Truck,11.79,11.97,synthetic
Apparel,90.49,26.37,Critical,Van,2.11,1.88,synthetic
Documents,226.83,19.94,Medium,Truck,5.31,5.48,synthetic
Food,282.3,37.2,High,Truck,6.35,5.81,synthetic
Other,212.86,41.12,High,Bike,11.02,10.73,synthetic
Electronics,137.89,21.8,Critical,Van,3.57,3.11,synthetic
Apparel,288.25,3.84,Low,Train,4.08,4.96,synthetic
Apparel,52.26,51.49,Critical,Van,1.31,1.62,synthetic
Industrial,349.53,24.3,High,Truck,7.51,7.35,synthetic
Apparel,135.89,3.17,High,Van,3.72,3.82,synthetic
Documents,62.78,9.67,Medium,Van,1.67,1.9,synthetic
Pharmaceutical,276.1,13.42,Medium,Truck,5.34,6.18,synthetic
Pharmaceutical,204.0,37.22,High,Truck,4.25,4.51,synthetic
Pharmaceutical,226.4,19.99,High,Truck,5.08,5.06,synthetic
Fragile,184.89,17.56,Low,Train,3.07,4.21,synthetic
Industrial,328.58,13.67,High,Truck,6.86,6.02,synthetic
Apparel,529.98,110.85,High,Truck,11.83,11.76,synthetic
Pharmaceutical,150.16,119.22,Medium,Truck,3.08,3.79,synthetic
Fragile,49.75,18.06,Low,Van,1.12,1.5,synthetic
Fragile,212.47,74.75,Medium,Truck,4.97,5.65,synthetic
Other,236.98,414.62,Low,Truck,4.47,5.71,synthetic
Electronics,374.45,41.25,Low,Truck,8.1,9.65,synthetic
Food,207.83,3.74,Low,Truck,4.26,4.56,synthetic
Fragile,185.42,110.81,High,Truck,3.76,3.31,synthetic
Food,52.08,85.45,Low,Truck,1.17,1.61,synthetic
Electronics,261.0,63.77,Medium,Truck,5.56,5.66,synthetic
Food,227.53,83.83,Low,Truck,4.96,6.04,synthetic
Apparel,158.89,34.95,High,Van,4.2,4.09,synthetic
Other,142.14,28.38,High,Van,3.44,3.15,synthetic
Documents,421.01,46.7,High,Truck,10.0,10.18,synthetic
Fragile,204.27,103.7,Medium,Truck,4.66,5.05,synthetic
Fragile,126.16,23.07,Medium,Van,2.93,3.14,synthetic
Food,398.87,25.3,High,Bike,20.82,18.9,synthetic
Pharmaceutical,152.26,30.75,Medium,Van,3.62,4.12,synthetic
Apparel,296.11,83.9,High,Truck,6.81,6.03,synthetic
Food,89.32,196.64,Low,Truck,1.84,2.56,synthetic
Apparel,135.75,33.11,Medium,Van,3.35,3.66,synthetic
Food,200.81,19.6,Medium,Truck,4.09,4.65,synthetic
Industrial,137.85,13.56,Medium,Van,3.61,3.87,synthetic
Food,45.37,67.97,Medium,Van,1.18,0.75,synthetic
Documents,149.05,24.23,Low,Van,3.93,4.91,synthetic
Fragile,270.1,23.56,Medium,Truck,5.74,7.01,synthetic
Industrial,100.58,18.13,High,Van,2.38,2.6,synthetic
Other,421.52,7.84,Critical,Truck,9.15,7.69,synthetic
Pharmaceutical,57.15,17.88,Low,Van,1.49,2.68,synthetic
Food,205.26,25.15,High,Truck,3.91,3.44,synthetic
Pharmaceutical,444.46,87.71,High,Truck,10.4,10.89,synthetic
Industrial,537.8,36.78,High,Truck,12.67,11.66,synthetic
Other,598.34,220.99,Medium,Truck,13.95,15.22,synthetic
Electronics,245.58,40.45,Medium,Van,6.4,6.72,synthetic
Pharmaceutical,153.27,25.99,Low,Van,3.78,5.5,synthetic
Food,209.0,46.15,Medium,Truck,4.54,4.92,synthetic
Documents,248.72,17.75,High,Truck,5.09,5.65,synthetic
Other,75.07,8.56,Medium,Van,2.02,2.33,synthetic
Food,111.67,18.76,Low,Van,2.63,2.71,synthetic
Documents,309.47,32.13,Critical,Truck,5.94,4.38,synthetic
Industrial,427.19,3.3,Medium,Truck,8.16,8.94,synthetic
Pharmaceutical,36.92,52.72,High,Van,0.81,0.99,synthetic
Documents,95.76,57.89,Low,Van,2.53,2.87,synthetic
Industrial,553.61,22.78,Critical,Truck,12.11,9.7,synthetic
Fragile,527.64,39.7,Medium,Truck,10.96,12.97,synthetic
Food,181.74,15.89,Critical,Van,4.64,3.32,synthetic
Other,156.86,53.24,Medium,Van,3.63,3.8,synthetic
Documents,205.75,14.22,High,Truck,4.88,4.59,synthetic
Pharmaceutical,64.79,31.38,Medium,Van,1.64,1.45,synthetic
Electronics,174.63,63.46,High,Van,4.5,4.39,synthetic
Apparel,158.87,38.55,Medium,Van,3.83,4.32,synthetic
Industrial,98.76,8.35,Low,Van,2.32,3.11,synthetic
Apparel,54.84,20.88,High,Van,1.5,1.56,synthetic
Other,115.51,62.81,Medium,Van,2.96,3.72,synthetic
Other,146.76,12.19,Medium,Van,3.72,3.64,synthetic
Apparel,806.91,22.92,High,Truck,17.7,16.63,synthetic
Electronics,124.77,61.17,Low,Van,3.26,3.75,synthetic
Electronics,729.64,22.06,Medium,Truck,15.8,16.89,synthetic
Apparel,153.9,82.38,High,Bike,7.78,7.33,synthetic
Food,257.06,149.48,Medium,Truck,5.53,6.24,synthetic
Industrial,92.36,7.45,Low,Van,2.29,2.81,synthetic
Fragile,764.2,9.17,Low,Truck,16.06,20.97,synthetic
Fragile,233.57,7.31,Medium,Truck,4.47,5.54,synthetic
Pharmaceutical,112.17,31.21,High,Van,2.43,2.34,synthetic
Industrial,369.41,72.98,Low,Truck,8.11,9.7,synthetic
Electronics,122.49,166.76,Medium,Truck,2.88,3.04,synthetic
Pharmaceutical,451.92,11.1,Low,Truck,8.8,11.71,synthetic
Food,500.93,5.78,Medium,Truck,9.49,9.82,synthetic
Industrial,365.47,69.32,Medium,Bike,17.97,19.4,synthetic
Documents,445.95,19.45,High,Truck,9.27,8.87,synthetic
Other,178.69,7.66,Medium,Van,4.78,5.53,synthetic
Pharmaceutical,232.47,212.34,Critical,Truck,5.32,4.94,synthetic
Other,42.85,101.07,Medium,Truck,0.92,0.76,synthetic
Industrial,79.36,19.59,High,Van,1.87,1.14,synthetic
Pharmaceutical,362.07,33.62,High,Truck,7.74,7.86,synthetic
Electronics,265.83,51.25,High,Truck,5.51,5.85,synthetic
Apparel,145.56,6.54,Medium,Van,3.47,3.38,synthetic
Documents,29.22,7.44,Medium,Van,0.7,0.3,synthetic
Food,65.63,31.57,High,Van,1.58,1.38,synthetic
Electronics,329.8,5.7,High,Truck,7.37,6.71,synthetic
Fragile,328.29,45.13,High,Truck,6.72,6.72,synthetic
Other,514.56,9.83,Medium,Truck,11.04,11.59,synthetic
Other,105.42,75.84,Medium,Van,2.7,2.83,synthetic
Pharmaceutical,423.77,73.21,Low,Truck,8.4,11.16,synthetic
Industrial,341.33,11.44,Medium,Truck,7.57,7.97,synthetic
Other,184.33,17.68,Low,Van,5.02,5.71,synthetic
Food,332.02,21.98,High,Truck,7.54,6.88,synthetic
Electronics,72.12,7.84,Low,Van,1.63,1.92,synthetic
Documents,536.91,97.6,Low,Truck,11.88,14.93,synthetic
Fragile,150.3,54.06,Low,Van,3.7,5.02,synthetic
Documents,182.85,7.2,Medium,Van,4.49,4.89,synthetic
Food,115.14,25.96,High,Van,2.74,2.93,synthetic
Other,235.43,2.63,Medium,Truck,5.15,5.37,synthetic
Electronics,305.07,149.88,Medium,Truck,6.51,7.23,synthetic
Industrial,80.78,33.45,High,Van,1.96,1.48,synthetic
Pharmaceutical,99.44,13.45,High,Van,2.29,2.17,synthetic
Other,75.5,27.75,Medium,Van,1.72,2.36,synthetic
Industrial,153.45,7.48,High,Van,3.52,2.67,synthetic
Fragile,142.26,98.62,Critical,Truck,3.09,3.32,synthetic
Other,223.06,44.94,Low,Truck,4.59,5.44,synthetic
Documents,359.2,5.43,Critical,Truck,7.21,5.74,synthetic
Food,1091.34,21.46,Low,Truck,25.29,30.05,synthetic
Apparel,152.34,3.45,Low,Van,3.8,4.62,synthetic
Pharmaceutical,436.55,25.36,Medium,Truck,8.28,10.0,synthetic
Apparel,416.48,36.24,Medium,Truck,8.2,8.67,synthetic
Documents,102.33,239.23,Low,Truck,2.03,2.45,synthetic
Documents,404.56,9.73,Medium,Truck,9.69,10.32,synthetic
Other,185.73,13.79,Low,Van,5.08,5.66,synthetic
Pharmaceutical,280.67,252.75,Medium,Truck,6.0,7.18,synthetic
Documents,52.36,52.11,Critical,Van,1.2,0.86,synthetic
Other,79.86,43.08,Medium,Van,1.83,1.41,synthetic
Documents,243.48,22.71,Low,Truck,4.75,5.63,synthetic
Industrial,410.59,6.09,Medium,Truck,8.64,9.46,synthetic
Electronics,184.35,5.37,Medium,Van,4.72,4.81,synthetic
Other,115.14,169.68,High,Truck,2.74,2.5,synthetic
Industrial,89.13,109.55,High,Truck,1.89,1.75,synthetic
Fragile,27.92,30.74,Critical,Van,0.71,1.0,synthetic
Documents,432.46,18.38,High,Truck,9.0,8.24,synthetic
Pharmaceutical,209.34,66.07,Medium,Truck,4.87,6.3,synthetic
Documents,203.84,95.88,Low,Truck,4.36,5.85,synthetic
Electronics,131.96,122.67,Low,Truck,2.66,3.1,synthetic
Other,178.54,11.81,Medium,Van,4.51,5.06,synthetic
Other,357.43,18.1,Medium,Train,5.75,6.29,synthetic
Other,1113.75,121.88,Medium,Truck,23.12,24.93,synthetic
Industrial,98.42,23.28,Medium,Van,2.15,2.18,synthetic
Pharmaceutical,114.07,16.85,Critical,Van,2.9,2.48,synthetic
Apparel,105.89,10.53,Medium,Van,2.54,2.29,synthetic
Fragile,196.88,2.8,Critical,Van,5.06,4.81,synthetic
Other,499.82,533.84,Low,Truck,10.7,14.31,synthetic
Food,195.46,12.03,High,Van,4.23,3.66,synthetic
Fragile,47.03,4.95,Critical,Van,1.11,1.16,synthetic
Industrial,382.11,56.15,Critical,Truck,7.28,6.11,synthetic
Other,235.87,99.3,Medium,Truck,5.31,5.58,synthetic
Pharmaceutical,544.56,4.98,Medium,Truck,11.51,13.15,synthetic
Food,60.89,50.14,Medium,Van,1.62,1.56,synthetic
Electronics,177.45,157.09,High,Truck,4.1,3.9,synthetic
Apparel,165.96,11.9,Medium,Van,3.98,4.1,synthetic
Food,161.41,24.33,Low,Van,4.23,4.86,synthetic
Pharmaceutical,411.19,8.07,High,Air,0.7,0.47,synthetic
Food,81.15,14.82,Medium,Van,1.78,1.26,synthetic
Apparel,46.32,15.01,Medium,Train,0.69,0.68,synthetic
Fragile,221.33,12.04,Medium,Truck,4.63,6.06,synthetic
Other,424.19,12.53,Low,Truck,8.65,10.19,synthetic
Documents,336.42,17.53,Medium,Truck,7.33,7.97,synthetic
Pharmaceutical,163.7,23.02,Critical,Van,4.04,2.85,synthetic
Fragile,189.56,156.35,Medium,Train,3.1,3.75,synthetic
Documents,164.32,7.4,High,Van,3.84,3.68,synthetic
Food,167.32,42.97,Medium,Van,3.77,3.77,synthetic
Other,131.94,5.64,Medium,Van,3.52,3.59,synthetic
Electronics,306.01,53.08,Medium,Truck,6.01,6.17,synthetic
Documents,183.78,10.33,Low,Van,4.15,4.32,synthetic
Apparel,130.05,9.77,Critical,Van,2.81,2.79,synthetic
Apparel,383.81,3.35,Low,Truck,8.18,8.72,synthetic
Fragile,109.59,18.33,Medium,Van,2.38,2.78,synthetic
Apparel,259.91,6.67,Critical,Truck,5.33,4.15,synthetic
Other,996.59,15.84,Low,Truck,23.64,28.18,synthetic
Pharmaceutical,137.1,18.26,High,Van,3.13,2.86,synthetic
Apparel,648.36,18.67,Medium,Truck,12.44,13.33,synthetic
Food,148.04,14.7,Medium,Van,3.67,3.59,synthetic
Fragile,71.7,145.03,Medium,Truck,1.53,1.68,synthetic
Other,517.95,90.88,High,Truck,10.78,9.83,synthetic
Apparel,81.25,15.16,Critical,Van,2.04,1.66,synthetic
Apparel,120.35,5.28,Medium,Van,2.67,3.19,synthetic
Fragile,653.22,3.67,Low,Truck,14.04,18.45,synthetic
Pharmaceutical,290.99,174.8,Medium,Truck,6.95,8.11,synthetic
Apparel,508.39,10.42,High,Truck,11.52,10.57,synthetic
Other,146.23,50.74,High,Van,3.82,3.8,synthetic
Apparel,103.67,47.46,Medium,Van,2.78,2.79,synthetic
Documents,535.19,64.86,Medium,Truck,11.83,13.07,synthetic
Other,116.42,192.38,Critical,Truck,2.61,1.74,synthetic
Fragile,185.09,18.35,Medium,Van,4.75,5.34,synthetic
Fragile,76.39,135.99,Critical,Truck,1.68,1.18,synthetic
Documents,83.63,3.53,Medium,Van,1.97,1.85,synthetic
Food,139.38,36.28,Medium,Van,3.43,3.46,synthetic
Fragile,237.25,4.38,Medium,Truck,5.62,6.99,synthetic
Fragile,278.13,51.32,Low,Truck,6.24,8.06,synthetic
Documents,231.53,14.76,Medium,Truck,5.06,5.42,synthetic
Other,124.2,23.09,Low,Van,3.33,3.9,synthetic
Pharmaceutical,380.46,33.13,High,Truck,8.6,8.03,synthetic
Pharmaceutical,69.06,18.91,Critical,Van,1.67,1.14,synthetic
Documents,231.19,13.85,Low,Truck,4.34,5.76,synthetic
Documents,304.9,22.97,Medium,Truck,6.6,6.03,synthetic
Documents,441.73,94.94,Critical,Truck,9.48,8.58,synthetic
Documents,135.14,24.84,High,Van,3.06,3.62,synthetic
Apparel,179.9,5.9,Low,Van,4.8,5.58,synthetic
Documents,200.9,5.02,Low,Truck,4.17,5.33,synthetic
Industrial,164.79,6.47,Medium,Van,3.89,3.92,synthetic
Documents,54.91,19.03,Medium,Van,1.31,1.3,synthetic
Electronics,165.97,7.9,Low,Van,4.36,4.78,synthetic
Fragile,350.36,22.16,Medium,Truck,7.12,8.28,synthetic
Other,87.93,4.92,High,Van,1.94,1.53,synthetic
Pharmaceutical,308.49,7.94,High,Truck,7.0,8.04,synthetic
Pharmaceutical,119.7,52.12,Medium,Van,2.97,3.24,synthetic
Food,143.61,5.84,High,Van,3.28,2.95,synthetic
Pharmaceutical,177.48,8.35,Medium,Train,2.49,3.0,synthetic
Apparel,320.26,27.86,Medium,Truck,6.98,7.22,synthetic
Documents,158.42,22.2,High,Van,3.61,3.14,synthetic
Fragile,199.41,91.79,Medium,Truck,4.04,5.32,synthetic
Other,662.22,69.85,Medium,Truck,14.71,15.65,synthetic
Apparel,280.02,11.11,Medium,Truck,5.59,6.49,synthetic
Pharmaceutical,502.93,34.13,Medium,Truck,11.66,14.65,synthetic
Electronics,209.86,117.64,Medium,Truck,4.55,5.39,synthetic
Documents,263.1,214.04,Medium,Truck,6.24,6.64,synthetic
Other,77.06,7.41,Low,Van,2.02,2.64,synthetic
Documents,125.28,35.53,High,Truck,2.68,2.72,synthetic
Electronics,87.27,26.67,High,Van,2.38,1.89,synthetic
Industrial,156.73,10.62,Medium,Van,3.69,3.33,synthetic
Documents,65.48,12.59,Medium,Van,1.61,1.75,synthetic
Food,510.04,41.97,Medium,Truck,9.91,10.54,synthetic
Apparel,310.18,25.69,High,Truck,6.8,6.35,synthetic
Industrial,258.43,20.12,Medium,Truck,5.54,5.7,synthetic
Other,267.63,9.95,High,Truck,6.02,5.59,synthetic
Industrial,40.18,225.9,Low,Truck,0.78,1.16,synthetic
Industrial,364.37,43.42,Low,Truck,7.41,9.5,synthetic
Documents,51.21,433.64,Low,Truck,1.06,1.37,synthetic
Pharmaceutical,280.91,18.57,High,Truck,6.47,7.02,synthetic
Food,170.73,38.54,Critical,Van,4.27,3.4,synthetic
Fragile,36.78,46.91,Critical,Truck,0.78,0.84,synthetic
Other,164.91,64.28,Low,Van,3.56,4.01,synthetic
Industrial,325.87,23.42,Low,Truck,6.72,8.25,synthetic
Fragile,431.73,5.81,Low,Truck,8.98,12.01,synthetic
Other,71.48,45.91,High,Van,1.6,1.44,synthetic
Electronics,272.5,45.49,Critical,Truck,5.38,4.86,synthetic
Other,63.69,21.62,Medium,Van,1.74,1.71,synthetic
Documents,203.6,4.01,Critical,Truck,4.75,4.08,synthetic
Documents,103.44,10.51,Medium,Van,2.29,2.47,synthetic
Electronics,141.74,387.03,Medium,Truck,2.79,4.3,synthetic
Food,68.99,61.99,Critical,Train,1.06,0.73,synthetic
Documents,269.48,71.54,High,Truck,5.44,5.29,synthetic
Fragile,639.8,62.52,Critical,Truck,15.0,14.0,synthetic
Electronics,170.2,31.29,Medium,Van,3.94,4.17,synthetic
Electronics,203.77,5.45,Medium,Truck,4.1,4.28,synthetic
Documents,128.78,134.08,Low,Truck,2.74,3.29,synthetic
Pharmaceutical,158.67,35.58,Low,Van,4.13,5.57,synthetic
Industrial,117.52,53.58,High,Van,3.07,2.67,synthetic
Other,91.99,11.37,Medium,Van,2.27,2.32,synthetic
Other,324.75,62.27,Low,Truck,6.69,8.02,synthetic
Industrial,447.17,56.9,Low,Truck,8.68,10.26,synthetic
Other,205.28,15.53,Medium,Truck,4.64,4.34,synthetic
Other,98.23,50.19,Medium,Van,2.29,2.37,synthetic
Other,196.35,6.12,Medium,Van,4.9,5.47,synthetic
Pharmaceutical,82.61,11.64,High,Van,2.18,2.84,synthetic
Pharmaceutical,656.17,17.84,Critical,Truck,12.98,12.11,synthetic
Industrial,251.31,5.79,High,Truck,5.5,4.89,synthetic
Food,130.07,8.48,High,Van,2.79,2.47,synthetic
Other,480.1,7.8,Medium,Truck,11.05,12.02,synthetic
Documents,267.35,38.99,Low,Truck,5.53,6.36,synthetic
Apparel,252.19,45.74,Medium,Truck,5.98,6.5,synthetic
Food,119.95,264.58,High,Truck,2.55,2.87,synthetic
Industrial,434.56,25.71,Critical,Truck,8.56,6.91,synthetic
Documents,118.59,77.97,Medium,Van,2.87,2.99,synthetic
Food,219.03,19.16,Medium,Truck,4.68,4.96,synthetic
Fragile,119.2,13.32,High,Van,2.57,2.5,synthetic
Electronics,108.71,18.03,Critical,Van,2.54,2.1,synthetic
Documents,129.25,24.11,High,Van,2.91,2.37,synthetic
Other,82.3,122.77,High,Truck,1.79,2.18,synthetic
Fragile,132.03,7.84,Medium,Van,3.23,4.68,synthetic
Food,162.43,106.66,Medium,Truck,3.44,3.52,synthetic
Industrial,76.63,51.1,Low,Van,1.82,2.36,synthetic
Industrial,141.97,44.06,Low,Van,3.85,4.55,synthetic
Documents,188.67,30.59,High,Van,4.47,4.01,synthetic
Apparel,122.17,15.69,Medium,Air,0.18,0.3,synthetic
Apparel,250.64,108.23,High,Truck,5.9,5.76,synthetic
Other,98.17,19.58,Medium,Van,2.27,1.74,synthetic
Documents,172.67,10.25,Medium,Van,4.63,5.25,synthetic
Food,295.13,30.68,High,Truck,5.55,4.7,synthetic
Fragile,236.84,5.6,Low,Truck,5.49,7.46,synthetic
Other,106.17,25.02,High,Van,2.91,2.17,synthetic
Apparel,149.73,3.06,Medium,Van,3.76,4.03,synthetic
Food,95.76,14.62,Medium,Van,2.62,2.3,synthetic
Documents,147.57,6.11,Medium,Van,3.22,3.58,synthetic
Fragile,209.49,5.0,Critical,Truck,4.38,3.97,synthetic
Pharmaceutical,466.77,120.17,Medium,Truck,9.53,10.71,synthetic
Pharmaceutical,195.97,10.81,Low,Bike,10.03,13.46,synthetic
Other,167.9,81.29,High,Truck,3.65,3.81,synthetic
Industrial,83.59,56.81,Medium,Van,1.81,2.04,synthetic
Documents,121.21,12.09,Medium,Van,2.64,2.73,synthetic
Other,197.18,40.03,High,Van,4.48,4.2,synthetic
Electronics,235.92,12.24,High,Truck,5.64,5.43,synthetic
Pharmaceutical,205.74,1.8,Critical,Truck,4.25,3.86,synthetic
Industrial,137.75,35.59,Critical,Van,3.34,2.68,synthetic
Fragile,71.34,19.59,Medium,Van,1.95,1.92,synthetic
Fragile,211.43,13.95,Critical,Truck,4.71,3.57,synthetic
Food,174.47,31.61,Medium,Van,4.0,3.94,synthetic
Apparel,357.47,6.46,High,Truck,7.69,7.42,synthetic
Apparel,315.38,20.3,High,Truck,6.67,5.24,synthetic
Apparel,252.86,13.77,Medium,Truck,5.1,5.52,synthetic
Industrial,603.72,17.31,Medium,Truck,11.94,13.12,synthetic
Apparel,1606.31,35.08,Medium,Truck,32.34,33.86,synthetic
Documents,136.75,12.86,Low,Van,3.13,3.8,synthetic
Fragile,252.08,33.22,High,Truck,5.39,5.83,synthetic
Food,203.14,19.25,High,Truck,4.38,4.18,synthetic
Documents,102.98,16.62,High,Van,2.73,2.29,synthetic
Apparel,439.73,45.14,Critical,Truck,9.54,7.7,synthetic
Industrial,158.4,21.92,Medium,Air,0.28,0.3,synthetic
Apparel,289.15,3.44,High,Truck,6.86,6.56,synthetic
Other,79.08,215.73,Medium,Truck,1.77,1.98,synthetic
Electronics,72.91,24.16,Medium,Van,1.86,2.29,synthetic
Apparel,64.23,62.59,Medium,Van,1.44,1.8,synthetic
Pharmaceutical,660.81,24.07,High,Truck,13.32,14.21,synthetic
Industrial,61.47,11.63,High,Van,1.57,1.36,synthetic
Industrial,150.41,20.44,Critical,Van,3.85,3.17,synthetic
Apparel,55.65,19.92,Medium,Van,1.51,0.95,synthetic
Industrial,354.98,23.39,Medium,Truck,7.04,7.28,synthetic
Industrial,141.48,63.14,Low,Van,3.61,4.47,synthetic
Food,474.44,21.03,High,Truck,10.73,9.38,synthetic
Industrial,173.1,49.23,Critical,Van,3.82,3.02,synthetic
Documents,104.33,66.13,Medium,Van,2.76,2.74,synthetic
Fragile,165.18,11.43,Medium,Van,3.78,4.53,synthetic
Documents,118.64,25.26,High,Van,3.07,2.39,synthetic
Industrial,116.94,15.75,Low,Van,2.53,3.18,synthetic
Other,107.52,4.61,Low,Van,2.8,3.4,synthetic
Apparel,215.46,14.63,Critical,Truck,4.84,4.26,synthetic
Industrial,413.87,14.25,Medium,Truck,8.91,9.31,synthetic
Apparel,146.74,27.12,Low,Van,3.65,3.93,synthetic
Pharmaceutical,122.16,76.29,Medium,Van,3.1,3.45,synthetic
Other,452.32,84.19,Low,Truck,9.33,10.74,synthetic
Electronics,42.68,17.23,Medium,Van,1.14,1.72,synthetic
Electronics,84.86,17.78,Critical,Van,2.23,1.5,synthetic
Documents,385.64,15.18,Low,Air,0.67,0.58,synthetic
Documents,246.61,1.62,Low,Truck,4.9,6.0,synthetic
Fragile,79.94,11.5,Medium,Van,2.04,2.47,synthetic
Fragile,225.43,17.97,Medium,Truck,5.29,6.05,synthetic
Fragile,199.02,8.6,High,Van,5.07,5.73,synthetic
Food,65.95,32.14,Low,Van,1.68,1.81,synthetic
Apparel,380.38,22.17,Low,Truck,7.31,8.28,synthetic
Food,218.62,19.91,Low,Truck,5.12,5.68,synthetic
Industrial,155.4,47.31,Critical,Van,4.16,3.28,synthetic
Food,136.33,89.0,High,Truck,3.03,2.52,synthetic
Other,98.63,45.54,Low,Van,2.19,2.13,synthetic
Electronics,75.01,37.76,Critical,Van,1.62,1.5,synthetic
Electronics,91.57,53.86,High,Van,2.28,2.35,synthetic
Fragile,480.57,24.99,High,Truck,10.92,11.87,synthetic
Industrial,180.23,51.44,Medium,Van,4.88,5.02,synthetic
Food,220.84,45.05,Medium,Truck,4.82,4.65,synthetic
Electronics,219.6,19.12,Medium,Train,3.4,3.32,synthetic
Pharmaceutical,363.77,46.26,Low,Truck,8.41,11.43,synthetic
Food,798.51,3.81,Medium,Truck,17.85,18.82,synthetic
Other,153.88,75.97,High,Van,3.84,3.22,synthetic
Food,175.21,20.45,High,Van,4.32,3.97,synthetic
Apparel,158.14,23.89,Critical,Van,3.51,3.14,synthetic
Documents,102.62,56.54,Medium,Van,2.5,2.67,synthetic
Food,80.81,4.84,Medium,Van,2.03,1.65,synthetic
Industrial,129.57,16.03,Low,Van,3.13,3.45,synthetic
Fragile,316.47,19.35,Medium,Truck,6.01,7.39,synthetic
Food,107.77,55.45,Medium,Van,2.42,2.18,synthetic
Documents,275.0,18.39,High,Truck,6.36,5.49,synthetic
Apparel,196.86,46.61,Medium,Van,4.37,5.02,synthetic
Fragile,56.12,16.65,Medium,Van,1.33,1.29,synthetic
Other,124.43,4.05,Low,Van,3.18,4.14,synthetic
Industrial,124.14,35.85,Medium,Van,3.27,3.43,synthetic
Documents,208.6,20.97,Medium,Truck,4.22,4.46,synthetic
Food,443.38,5.1,Medium,Truck,8.9,9.47,synthetic
Electronics,164.4,35.45,Low,Van,4.39,4.45,synthetic
Pharmaceutical,762.36,7.38,Critical,Truck,15.66,14.34,synthetic
Fragile,552.55,26.66,Medium,Truck,12.34,14.82,synthetic
Fragile,165.36,164.46,Medium,Truck,3.61,4.56,synthetic
Electronics,182.21,9.6,Critical,Van,4.33,3.53,synthetic
Documents,170.2,16.37,High,Van,4.59,5.16,synthetic
Food,127.23,231.49,High,Truck,3.0,2.97,synthetic
Fragile,430.71,93.45,Medium,Truck,8.13,9.08,synthetic
Pharmaceutical,159.1,3.84,Medium,Van,3.73,4.44,synthetic
Apparel,100.01,87.37,Critical,Truck,2.19,2.37,synthetic
Documents,64.98,55.74,Critical,Van,1.51,1.47,synthetic
Documents,344.02,31.07,Medium,Truck,7.7,8.24,synthetic
Documents,327.0,4.1,High,Truck,7.17,6.7,synthetic
Other,130.08,28.22,Low,Van,3.08,3.47,synthetic
Documents,91.49,82.35,Critical,Truck,1.79,1.8,synthetic
Other,267.41,17.34,Medium,Truck,6.03,6.8,synthetic
Documents,136.23,8.59,Medium,Van,2.99,3.26,synthetic
Industrial,244.19,7.43,Critical,Truck,4.83,4.53,synthetic
Pharmaceutical,208.12,258.18,Medium,Truck,4.19,5.68,synthetic
Apparel,1028.76,10.96,Medium,Truck,21.82,22.54,synthetic
Food,374.35,48.22,Medium,Truck,8.8,9.76,synthetic
Food,373.7,51.86,Medium,Truck,7.02,7.0,synthetic
Pharmaceutical,124.68,24.1,High,Van,3.19,3.25,synthetic
Food,462.27,23.24,Medium,Truck,10.33,11.26,synthetic
Industrial,167.78,55.03,Critical,Van,3.9,3.49,synthetic
Fragile,83.26,5.54,Critical,Van,1.8,1.98,synthetic
Fragile,103.9,109.59,Low,Truck,2.33,3.6,synthetic
Industrial,102.35,19.47,Medium,Van,2.55,2.91,synthetic
Pharmaceutical,86.95,51.61,High,Van,2.24,2.53,synthetic
Electronics,359.94,5.95,High,Truck,7.92,7.21,synthetic
Fragile,282.61,37.77,Low,Truck,6.49,9.02,synthetic
Fragile,158.29,3.61,High,Van,3.54,3.58,synthetic
Fragile,549.62,6.88,Critical,Truck,13.11,12.44,synthetic
Apparel,69.86,15.6,Medium,Van,1.58,1.55,synthetic
Pharmaceutical,254.59,6.29,High,Truck,5.32,5.42,synthetic
Industrial,58.59,38.86,Medium,Van,1.39,1.05,synthetic
Food,85.72,50.75,Medium,Van,2.06,2.78,synthetic
Documents,393.15,12.25,Low,Truck,9.38,10.74,synthetic
Industrial,234.55,3.77,Medium,Truck,5.54,6.27,synthetic
Apparel,191.15,8.95,High,Van,4.67,4.25,synthetic
Electronics,89.71,5.94,Medium,Van,2.38,2.12,synthetic
Documents,75.36,12.42,Medium,Van,1.77,2.18,synthetic
Documents,271.33,5.52,High,Truck,5.1,4.85,synthetic
Food,191.49,20.49,High,Van,5.01,4.71,synthetic
Other,208.27,6.71,Low,Truck,4.35,5.66,synthetic
Pharmaceutical,212.1,7.03,Medium,Truck,4.15,4.65,synthetic
Documents,125.35,103.84,Low,Truck,2.78,3.55,synthetic
Documents,219.67,4.44,High,Truck,4.69,4.37,synthetic
Other,217.33,106.81,Medium,Truck,4.98,5.58,synthetic
Pharmaceutical,1245.76,48.21,Medium,Truck,25.18,29.55,synthetic
Documents,298.38,38.38,Low,Truck,6.8,7.95,synthetic
Fragile,326.53,8.11,Low,Truck,7.71,10.37,synthetic
Other,542.43,15.49,Critical,Truck,12.75,10.18,synthetic
Apparel,126.51,15.12,Low,Van,3.22,4.01,synthetic
Documents,68.18,43.43,Medium,Van,1.58,1.49,synthetic
Pharmaceutical,197.49,68.01,Critical,Van,4.42,4.28,synthetic
Fragile,32.99,225.19,Low,Truck,0.69,0.9,synthetic
Documents,122.04,44.63,High,Van,2.64,2.18,synthetic
Pharmaceutical,78.9,290.07,Critical,Truck,1.87,2.26,synthetic
Electronics,169.47,4.44,Low,Van,3.98,4.69,synthetic
Apparel,120.26,3.31,High,Van,3.01,2.87,synthetic
Apparel,214.19,16.99,High,Truck,4.84,4.2,synthetic
Pharmaceutical,600.76,2.22,Critical,Truck,12.04,11.09,synthetic
Food,334.12,13.93,Critical,Truck,7.36,5.85,synthetic
Apparel,222.59,8.38,High,Truck,4.2,3.91,synthetic
Apparel,345.11,3.42,Low,Truck,6.47,8.32,synthetic
Fragile,169.47,121.8,Medium,Truck,3.74,4.62,synthetic
Fragile,248.12,105.69,Critical,Truck,5.51,5.08,synthetic
Documents,254.29,16.05,Medium,Van,6.94,7.58,synthetic
Apparel,408.04,15.93,Medium,Truck,7.98,8.67,synthetic
Industrial,367.29,22.28,Low,Truck,8.2,9.45,synthetic
Industrial,286.79,17.57,High,Truck,6.39,6.26,synthetic
Pharmaceutical,139.52,31.68,Medium,Van,3.41,4.22,synthetic
Documents,197.79,163.33,Low,Truck,3.98,4.92,synthetic
Documents,225.11,62.53,Low,Truck,4.6,5.83,synthetic
Other,461.96,122.68,High,Truck,9.44,9.16,synthetic
Food,301.76,5.69,Critical,Truck,5.95,4.71,synthetic
Documents,149.19,35.27,Medium,Van,4.02,3.86,synthetic
Fragile,124.79,28.81,High,Van,3.33,3.71,synthetic
Documents,80.02,24.96,Critical,Van,2.08,1.54,synthetic
Apparel,518.87,30.74,High,Truck,11.83,11.66,synthetic
Food,154.71,27.26,Low,Van,4.08,4.86,synthetic
Fragile,141.87,11.75,Low,Van,3.17,4.91,synthetic
Apparel,293.16,15.57,Low,Truck,5.82,7.59,synthetic
Apparel,185.79,30.9,Medium,Truck,3.82,3.64,synthetic
Food,64.81,23.55,High,Bike,2.79,2.45,synthetic
Documents,346.77,3.02,Low,Truck,7.86,9.31,synthetic
Fragile,124.3,8.94,Critical,Van,2.93,3.24,synthetic
Documents,1025.35,19.8,Medium,Truck,22.1,23.55,synthetic
Fragile,207.62,27.4,High,Truck,4.08,4.93,synthetic
Pharmaceutical,330.0,9.43,Medium,Truck,7.12,8.92,synthetic
Fragile,129.22,270.29,Medium,Truck,2.58,3.27,synthetic
Food,350.65,109.24,Medium,Truck,7.07,7.9,synthetic
Electronics,128.33,74.48,Medium,Van,3.18,3.46,synthetic
Other,197.73,25.39,Critical,Van,4.45,3.29,synthetic
Documents,45.73,8.06,High,Van,1.02,0.31,synthetic
Electronics,584.88,3.37,High,Truck,11.97,10.6,synthetic
Apparel,428.29,47.45,Critical,Truck,9.28,6.9,synthetic
Food,191.49,19.63,High,Van,4.42,4.09,synthetic
Food,201.25,17.94,Medium,Bike,10.31,10.85,synthetic
Pharmaceutical,83.77,178.6,High,Truck,1.98,1.79,synthetic
Fragile,127.67,16.32,High,Van,3.04,3.1,synthetic
Pharmaceutical,188.67,25.02,High,Van,5.12,5.23,synthetic
Industrial,310.18,13.07,Low,Truck,6.45,8.12,synthetic
Other,516.74,10.77,High,Truck,10.17,9.46,synthetic
Apparel,216.05,10.88,Medium,Truck,4.72,4.76,synthetic
Electronics,257.12,17.04,Critical,Truck,5.62,4.47,synthetic
Fragile,507.16,25.36,Critical,Truck,10.07,9.35,synthetic
Electronics,60.73,49.36,Critical,Van,1.33,1.21,synthetic
Food,276.81,1.4,High,Truck,5.22,4.66,synthetic
Food,306.58,26.82,Critical,Truck,7.25,5.93,synthetic
Documents,285.2,17.13,Medium,Truck,6.5,6.9,synthetic
Documents,481.87,23.83,High,Truck,10.02,8.81,synthetic
Fragile,274.37,8.65,Medium,Truck,6.43,7.42,synthetic
Electronics,283.99,88.52,Medium,Truck,6.53,6.5,synthetic
Industrial,182.44,92.08,Medium,Truck,3.83,4.02,synthetic
Electronics,129.76,13.64,Medium,Van,3.1,3.67,synthetic
Apparel,430.65,12.89,Medium,Truck,10.23,10.79,synthetic
Documents,900.23,37.56,Medium,Truck,21.39,22.87,synthetic
Food,226.54,6.66,Medium,Truck,4.41,4.97,synthetic
Other,163.62,18.61,Low,Van,3.56,4.74,synthetic
Food,245.31,24.75,Low,Truck,5.84,6.65,synthetic
Food,485.71,36.76,Medium,Train,7.18,7.59,synthetic
Fragile,111.16,63.45,High,Van,2.72,3.26,synthetic
Industrial,489.14,25.79,Medium,Truck,9.32,10.32,synthetic
Other,245.76,28.35,Low,Truck,5.41,6.26,synthetic
Pharmaceutical,63.59,3.87,High,Van,1.47,1.11,synthetic
Fragile,199.46,22.85,Low,Van,4.44,4.95,synthetic
Documents,571.46,156.82,Critical,Truck,12.63,10.13,synthetic
Food,368.34,36.08,Medium,Train,5.27,5.98,synthetic
Industrial,141.96,57.04,High,Van,3.79,3.41,synthetic
Electronics,107.28,18.36,High,Van,2.82,2.42,synthetic
Other,243.59,44.01,Critical,Truck,5.23,4.3,synthetic
Documents,63.93,55.85,Low,Van,1.52,1.78,synthetic
Pharmaceutical,81.85,30.71,Medium,Van,1.93,2.52,synthetic
Other,80.29,118.44,Low,Truck,1.53,1.9,synthetic
Documents,63.23,43.75,Medium,Van,1.57,1.47,synthetic
Fragile,392.27,20.73,High,Truck,7.42,8.2,synthetic
Pharmaceutical,250.65,6.63,Critical,Truck,4.95,4.06,synthetic
Apparel,134.05,6.69,Medium,Van,3.13,3.16,synthetic
Apparel,759.9,23.88,High,Truck,16.97,15.51,synthetic
Other,504.6,3.11,Medium,Truck,9.53,9.65,synthetic
Apparel,70.48,14.69,Medium,Van,1.79,1.86,synthetic
Other,256.03,176.62,Medium,Truck,5.54,6.64,synthetic
Electronics,160.0,54.17,Medium,Van,4.12,4.58,synthetic
Apparel,450.33,21.73,Medium,Truck,9.3,9.27,synthetic
Electronics,269.24,146.57,Medium,Truck,5.84,5.62,synthetic
Pharmaceutical,313.03,4.47,High,Truck,7.27,7.87,synthetic
Pharmaceutical,270.19,44.33,Medium,Truck,5.2,6.36,synthetic
Documents,225.53,6.78,Medium,Truck,4.96,5.05,synthetic
Food,111.81,65.22,Low,Van,2.85,3.29,synthetic
Other,57.48,108.47,Medium,Truck,1.18,0.38,synthetic
Industrial,397.7,141.23,Medium,Truck,8.41,8.3,synthetic
Apparel,406.11,102.32,Medium,Truck,8.84,9.77,synthetic
Electronics,56.27,2.53,Medium,Van,1.26,0.88,synthetic
Food,171.06,4.45,Low,Van,4.17,4.81,synthetic
Documents,233.14,7.08,Low,Truck,5.57,6.55,synthetic
Electronics,573.64,26.18,High,Truck,12.14,11.02,synthetic
Other,207.66,2.29,Medium,Truck,4.51,5.18,synthetic
Apparel,90.22,7.34,Medium,Van,2.12,2.07,synthetic
Apparel,182.19,65.76,High,Van,4.71,4.9,synthetic
Pharmaceutical,82.87,27.41,Low,Van,2.26,3.96,synthetic
Food,116.23,1.51,High,Van,2.72,2.14,synthetic
Food,511.63,19.7,High,Truck,10.63,9.6,synthetic
Documents,241.85,30.08,High,Truck,4.92,4.96,synthetic
Electronics,109.28,37.9,High,Van,2.36,2.2,synthetic
Industrial,492.55,89.57,Medium,Truck,10.84,11.08,synthetic
Electronics,122.11,45.49,Medium,Van,2.77,2.75,synthetic
Electronics,159.1,62.77,Critical,Van,3.52,2.66,synthetic
Electronics,93.86,41.03,Low,Van,2.52,3.69,synthetic
Pharmaceutical,166.73,49.55,Low,Van,4.17,5.71,synthetic
Industrial,344.69,66.37,Low,Truck,8.24,9.54,synthetic
Pharmaceutical,28.33,42.15,Low,Van,0.7,0.78,synthetic
Electronics,128.41,11.58,Medium,Van,2.87,2.93,synthetic
Documents,137.56,35.82,Low,Van,3.59,3.67,synthetic
Documents,206.15,80.14,Medium,Truck,4.86,4.71,synthetic
Electronics,384.92,15.01,High,Truck,8.36,7.88,synthetic
Electronics,101.57,38.96,Critical,Van,2.62,2.23,synthetic
Other,265.41,61.22,Low,Truck,5.7,7.13,synthetic
Fragile,19.36,22.71,High,Van,0.49,0.3,synthetic
Documents,251.94,7.9,Medium,Truck,4.79,5.03,synthetic
Fragile,193.4,10.02,Medium,Van,5.1,5.66,synthetic
Pharmaceutical,138.36,21.9,Low,Van,3.56,4.91,synthetic
Electronics,234.69,80.76,Critical,Van,5.42,4.19,synthetic
Documents,193.85,20.12,Medium,Van,5.1,5.54,synthetic
Industrial,195.92,155.58,High,Truck,4.66,4.17,synthetic
Pharmaceutical,147.65,152.48,Critical,Truck,3.13,2.83,synthetic
Electronics,345.9,7.66,Medium,Truck,8.08,8.32,synthetic
Electronics,173.6,90.92,Low,Truck,3.45,3.56,synthetic
Electronics,377.79,138.0,High,Truck,8.4,8.14,synthetic
Industrial,334.78,13.48,Medium,Truck,7.13,7.51,synthetic
Industrial,147.23,5.31,High,Van,3.37,2.73,synthetic
Pharmaceutical,145.98,178.36,High,Truck,2.76,2.62,synthetic
Food,132.96,23.32,High,Van,3.39,3.56,synthetic
Electronics,784.81,5.13,Medium,Truck,17.87,18.61,synthetic
Other,209.74,8.92,High,Truck,4.97,4.15,synthetic
Apparel,81.05,15.45,Medium,Van,1.99,2.79,synthetic
Food,182.09,60.17,Critical,Van,4.48,3.78,synthetic
Apparel,278.54,3.11,Medium,Truck,6.5,6.65,synthetic
Documents,449.49,859.92,Low,Truck,9.88,13.89,synthetic
Apparel,94.86,6.13,Medium,Train,1.45,1.27,synthetic
Documents,186.64,116.5,Medium,Truck,4.44,4.23,synthetic
Other,81.93,23.51,High,Van,2.0,1.56,synthetic
Other,145.16,82.6,Critical,Truck,3.17,2.05,synthetic
Electronics,70.46,43.82,Low,Van,1.8,2.2,synthetic
Electronics,87.85,56.87,High,Van,2.18,2.1,synthetic
Food,82.75,36.03,Low,Van,2.17,2.26,synthetic
Industrial,167.38,8.69,Critical,Van,3.72,2.84,synthetic
Pharmaceutical,162.78,15.58,Low,Van,3.98,5.0,synthetic
Industrial,153.16,55.01,High,Van,4.16,3.67,synthetic
Documents,316.76,3.12,Medium,Truck,6.09,7.15,synthetic
Other,297.24,36.31,Critical,Truck,6.0,4.76,synthetic
Other,130.35,63.83,Medium,Van,3.28,3.18,synthetic
Industrial,224.36,7.18,Low,Truck,4.82,5.46,synthetic
Fragile,105.9,24.72,Low,Van,2.62,4.04,synthetic
Industrial,138.67,28.8,High,Van,3.51,3.14,synthetic
Apparel,127.24,16.59,Low,Van,2.82,3.1,synthetic
Industrial,59.15,56.56,High,Van,1.55,1.89,synthetic
Documents,151.06,29.93,Medium,Van,3.32,3.27,synthetic
Apparel,725.52,32.34,High,Truck,16.35,15.24,synthetic
Electronics,299.78,32.8,Low,Truck,7.09,8.4,synthetic
Fragile,1182.21,4.51,Medium,Truck,26.45,31.17,synthetic
Food,109.21,24.06,Low,Van,2.81,3.15,synthetic
Electronics,71.49,3.36,High,Van,1.83,2.22,synthetic
Documents,242.14,12.87,Critical,Truck,4.83,3.62,synthetic
Apparel,156.58,53.59,High,Van,4.03,3.63,synthetic
Other,80.01,225.86,Low,Truck,1.71,1.7,synthetic
Other,98.29,8.44,Medium,Van,2.5,2.22,synthetic
Food,104.79,9.18,Medium,Van,2.47,2.67,synthetic
Pharmaceutical,66.48,6.98,Medium,Van,1.81,2.31,synthetic
Pharmaceutical,101.73,9.26,Medium,Van,2.42,3.58,synthetic
Pharmaceutical,453.34,51.34,Medium,Truck,9.85,11.58,synthetic
Other,217.82,28.21,Medium,Truck,5.06,5.99,synthetic
Other,67.74,10.72,Low,Van,1.48,1.38,synthetic
Apparel,113.25,18.27,Medium,Van,2.47,3.5,synthetic
Food,150.61,12.52,Critical,Van,3.9,3.06,synthetic
Industrial,92.68,36.86,High,Van,2.43,2.24,synthetic
Pharmaceutical,195.71,3.84,Medium,Van,4.2,5.59,synthetic
Pharmaceutical,44.06,10.69,Medium,Van,1.01,1.18,synthetic
Other,148.48,20.13,High,Van,4.06,3.86,synthetic
Documents,147.68,14.86,Medium,Van,3.74,3.98,synthetic
Documents,136.73,13.03,Medium,Van,3.58,3.99,synthetic
Other,171.52,14.09,High,Van,4.0,3.77,synthetic
Other,88.29,2.66,High,Train,1.52,1.63,synthetic
Electronics,240.53,10.57,High,Truck,4.82,4.23,synthetic
Food,371.78,4.01,Low,Truck,8.03,9.69,synthetic
Industrial,1201.56,14.7,Low,Truck,27.63,32.46,synthetic
Pharmaceutical,28.93,28.09,High,Van,0.66,0.68,synthetic
Fragile,151.31,2.46,Medium,Van,3.27,3.77,synthetic
Fragile,152.98,14.54,High,Bike,6.96,7.42,synthetic
Fragile,461.53,7.78,High,Truck,10.31,10.12,synthetic
Fragile,194.59,79.76,Medium,Van,4.9,6.03,synthetic
Apparel,252.67,23.75,Low,Truck,5.9,7.55,synthetic
Other,130.27,3.75,Critical,Van,2.83,2.61,synthetic
Food,195.54,70.2,Medium,Van,5.02,5.69,synthetic
Food,160.97,5.7,High,Van,4.26,4.48,synthetic
Food,279.75,31.55,Medium,Truck,6.05,6.2,synthetic
Fragile,188.32,41.22,Medium,Van,4.82,4.76,synthetic
Pharmaceutical,671.18,54.88,Low,Truck,14.4,19.24,synthetic
Electronics,180.87,10.38,Low,Van,3.94,4.84,synthetic
Fragile,121.91,42.76,High,Van,2.79,2.38,synthetic
Documents,353.6,5.41,Medium,Truck,7.28,8.22,synthetic
Industrial,303.84,53.5,High,Truck,6.88,6.24,synthetic
Documents,143.15,95.94,Low,Truck,2.69,3.14,synthetic
Apparel,219.16,10.46,High,Truck,5.16,5.14,synthetic
Fragile,55.17,24.42,Medium,Van,1.41,1.48,synthetic
Other,69.56,110.67,Medium,Truck,1.63,1.75,synthetic
Pharmaceutical,106.84,3.75,Medium,Van,2.36,2.67,synthetic
Food,376.02,48.54,Medium,Truck,8.95,9.63,synthetic
Electronics,354.16,22.93,Low,Train,5.58,6.83,synthetic
Industrial,264.99,32.7,Critical,Truck,6.03,4.73,synthetic
Fragile,326.81,6.3,Medium,Truck,6.19,7.58,synthetic
Other,169.98,40.68,Medium,Truck,3.91,3.42,synthetic
Other,124.47,3.55,High,Van,3.0,2.32,synthetic
Electronics,192.66,6.42,Medium,Truck,3.62,3.29,synthetic
Industrial,128.24,71.23,Low,Van,3.5,3.77,synthetic
Fragile,48.57,66.15,High,Van,1.07,1.12,synthetic
Food,524.98,54.36,Low,Truck,12.47,15.46,synthetic
Apparel,611.72,226.88,High,Truck,12.57,11.01,synthetic
Food,346.25,6.41,Medium,Truck,7.17,7.68,synthetic
Electronics,399.95,90.11,High,Train,5.78,5.5,synthetic
Apparel,280.27,4.03,Critical,Truck,6.0,4.85,synthetic
Documents,678.57,29.27,Critical,Truck,13.66,11.62,synthetic
Electronics,247.01,55.12,Low,Truck,4.91,5.83,synthetic
Electronics,183.83,46.53,Low,Van,4.76,5.2,synthetic
Other,48.68,35.99,Low,Van,1.19,1.73,synthetic
Other,63.37,3.8,Medium,Van,1.52,1.75,synthetic
Documents,179.77,18.16,High,Van,4.29,3.5,synthetic
Food,166.92,714.23,Low,Truck,3.9,4.76,synthetic
Electronics,142.17,62.14,High,Van,3.38,3.0,synthetic
Electronics,138.75,26.61,Low,Van,3.63,4.22,synthetic
Electronics,264.49,11.41,High,Truck,5.94,5.41,synthetic
Other,231.39,17.34,Low,Truck,5.18,6.31,synthetic
Electronics,56.95,40.53,Low,Van,1.27,1.57,synthetic
Documents,259.87,49.45,High,Truck,5.19,5.27,synthetic
Pharmaceutical,78.08,10.31,High,Van,1.81,1.69,synthetic
Electronics,87.38,2.53,Critical,Van,2.04,2.4,synthetic
Other,115.94,19.22,Low,Van,2.8,3.11,synthetic
Documents,107.31,24.89,Medium,Van,2.49,2.66,synthetic
Documents,715.52,21.35,Critical,Truck,13.81,11.18,synthetic
Industrial,385.03,36.49,Medium,Truck,7.95,7.9,synthetic
Pharmaceutical,429.75,6.31,Low,Truck,9.22,11.95,synthetic
Pharmaceutical,245.42,8.38,Low,Truck,5.75,7.43,synthetic
Documents,678.01,219.15,Medium,Truck,15.5,17.3,synthetic
Other,443.82,24.55,Low,Truck,8.57,10.39,synthetic
Industrial,250.97,31.77,Critical,Truck,5.36,4.7,synthetic
Pharmaceutical,269.96,10.08,Low,Truck,6.09,8.17,synthetic
Other,40.74,16.09,High,Van,0.88,0.76,synthetic
Industrial,370.64,1.16,Medium,Truck,8.78,10.08,synthetic
Documents,52.75,24.73,Medium,Van,1.16,1.6,synthetic
Other,261.36,18.5,High,Truck,5.57,5.58,synthetic
Industrial,161.13,2.33,Medium,Van,3.8,3.94,synthetic
Food,87.58,6.0,Low,Van,2.24,2.64,synthetic
Food,343.78,58.81,Low,Truck,7.63,9.59,synthetic
Industrial,125.21,52.77,High,Train,1.91,1.75,synthetic
Other,159.49,29.78,Medium,Van,4.2,4.75,synthetic
Pharmaceutical,148.46,61.07,Medium,Van,3.48,3.55,synthetic
Electronics,332.31,19.83,High,Train,5.61,4.94,synthetic
Other,341.33,6.8,Critical,Truck,7.98,6.7,synthetic
Food,434.41,13.56,Critical,Van,9.94,7.92,synthetic
Pharmaceutical,275.8,44.97,Medium,Truck,6.17,6.76,synthetic
Food,110.77,8.4,High,Van,2.86,3.18,synthetic
Food,141.25,4.07,Critical,Van,3.83,2.88,synthetic
Documents,168.74,19.88,Low,Van,3.74,4.78,synthetic
Documents,75.7,10.07,High,Van,1.96,1.98,synthetic
Pharmaceutical,38.57,38.94,Medium,Van,0.95,0.86,synthetic
Food,944.25,55.92,Medium,Truck,17.84,18.32,synthetic
Fragile,31.26,164.49,Medium,Truck,0.64,0.83,synthetic
Food,635.67,28.35,Medium,Truck,13.84,15.1,synthetic
Other,53.0,8.88,Low,Van,1.42,1.75,synthetic
Documents,191.55,78.93,Medium,Van,4.79,4.92,synthetic
Pharmaceutical,88.38,19.45,Medium,Van,1.9,1.58,synthetic
Documents,138.81,47.7,High,Van,3.66,3.35,synthetic
Food,98.6,11.17,Medium,Van,2.51,3.43,synthetic
Apparel,140.23,10.16,High,Van,3.07,2.36,synthetic
Industrial,292.38,95.24,High,Truck,5.84,5.45,synthetic
Fragile,49.84,39.66,Medium,Van,1.14,1.4,synthetic
Documents,349.48,61.27,Low,Air,0.61,0.53,synthetic
Pharmaceutical,1133.11,29.98,High,Air,1.96,2.39,synthetic
Fragile,210.7,76.52,Medium,Truck,4.39,5.2,synthetic
Industrial,109.66,23.14,Critical,Van,2.49,1.71,synthetic
Pharmaceutical,156.13,25.62,High,Bike,7.31,7.41,synthetic
Electronics,386.46,2.42,Critical,Van,8.68,6.61,synthetic
Industrial,168.74,79.61,Medium,Van,3.73,3.81,synthetic
Food,171.56,24.29,High,Van,4.18,3.72,synthetic
Food,44.21,10.56,Critical,Van,1.06,0.66,synthetic
Fragile,81.36,76.74,Critical,Van,2.15,2.63,synthetic
Electronics,571.71,20.99,Medium,Truck,11.31,11.35,synthetic
Documents,233.68,34.33,High,Truck,5.14,4.12,synthetic
Industrial,721.67,24.74,Low,Truck,14.97,17.64,synthetic
Industrial,184.72,6.14,Medium,Van,4.8,5.53,synthetic
Apparel,368.33,32.9,Low,Truck,8.63,10.67,synthetic
Food,306.06,14.75,Low,Truck,6.75,7.97,synthetic
Apparel,185.19,22.48,Critical,Van,5.02,3.88,synthetic
Documents,661.26,74.51,Critical,Truck,14.67,12.15,synthetic
Electronics,107.27,5.26,Low,Van,2.78,2.79,synthetic
Apparel,150.16,43.98,Low,Van,3.92,4.88,synthetic
Documents,124.89,85.12,Critical,Truck,2.73,2.9,synthetic
Food,23.46,77.4,Critical,Van,0.56,0.3,synthetic
Other,202.74,100.68,Low,Train,3.08,3.57,synthetic
Electronics,364.22,18.4,Medium,Truck,8.64,8.98,synthetic
Electronics,103.09,18.82,Medium,Van,2.73,2.4,synthetic
Documents,316.18,13.72,Medium,Truck,7.46,8.02,synthetic
Food,114.68,18.44,High,Air,0.21,0.63,synthetic
Pharmaceutical,289.69,38.17,Medium,Truck,6.08,7.5,synthetic
Industrial,79.06,103.07,Medium,Truck,1.66,1.72,synthetic
Pharmaceutical,264.63,18.52,High,Truck,5.32,5.3,synthetic
Electronics,171.1,5.4,Medium,Van,4.36,5.14,synthetic
Pharmaceutical,159.73,11.36,Critical,Bike,7.65,7.09,synthetic
Pharmaceutical,50.4,3.69,High,Van,1.1,1.06,synthetic
Electronics,372.19,146.22,High,Truck,8.79,8.02,synthetic
Industrial,77.18,156.1,High,Truck,1.5,1.98,synthetic
Documents,107.17,5.43,Medium,Van,2.61,2.96,synthetic
Food,91.52,66.84,Critical,Van,2.09,1.54,synthetic
Apparel,132.18,11.69,High,Van,3.33,3.13,synthetic
Pharmaceutical,342.92,19.74,Low,Truck,6.98,9.45,synthetic
Fragile,236.26,26.46,High,Truck,5.04,4.85,synthetic
Pharmaceutical,66.0,15.68,Medium,Van,1.74,2.1,synthetic
Fragile,124.59,28.42,Medium,Van,3.02,3.53,synthetic
Apparel,54.46,17.13,High,Van,1.37,1.47,synthetic
Other,372.29,7.21,Low,Truck,7.55,8.96,synthetic
Documents,417.74,77.44,Critical,Truck,8.04,6.46,synthetic
Industrial,103.09,12.24,High,Van,2.53,2.55,synthetic
Food,54.18,5.95,Critical,Van,1.33,0.81,synthetic
Industrial,109.19,53.97,High,Van,2.91,2.42,synthetic
Electronics,153.96,18.82,High,Van,3.47,3.29,synthetic
Fragile,249.96,14.05,Medium,Truck,5.25,7.11,synthetic
Other,295.42,33.77,Low,Truck,6.72,8.08,synthetic
Food,225.02,14.74,Low,Truck,5.38,6.94,synthetic
Fragile,356.81,33.26,High,Truck,7.66,7.66,synthetic
Apparel,196.33,84.59,Critical,Truck,4.08,3.55,synthetic
Industrial,80.64,20.0,Medium,Truck,1.84,1.88,synthetic
Pharmaceutical,50.21,42.6,Medium,Van,1.17,1.29,synthetic
Other,206.48,81.62,Low,Truck,4.39,5.08,synthetic
Industrial,257.09,10.0,Critical,Truck,5.92,4.89,synthetic
Documents,376.99,29.0,Medium,Truck,7.13,7.16,synthetic
Apparel,289.77,13.43,Medium,Truck,6.77,6.78,synthetic
Food,606.21,2.37,Medium,Truck,12.16,13.17,synthetic
Industrial,97.2,20.59,Critical,Air,0.18,0.3,synthetic
Electronics,260.13,19.36,Medium,Truck,5.13,5.66,synthetic
Apparel,93.1,44.69,Critical,Van,2.32,1.8,synthetic
Other,344.88,13.35,Medium,Truck,7.52,7.72,synthetic
Documents,320.59,1.89,Low,Truck,6.45,8.23,synthetic
Industrial,289.95,78.46,Critical,Truck,5.86,4.93,synthetic
Fragile,442.87,43.59,Medium,Truck,8.4,10.17,synthetic
Industrial,122.79,132.71,High,Truck,2.76,2.31,synthetic
Other,189.15,3.51,High,Van,4.29,4.16,synthetic
Industrial,103.95,34.12,High,Van,2.51,2.53,synthetic
Electronics,211.69,16.45,High,Truck,4.73,4.7,synthetic
Fragile,244.18,21.74,Medium,Truck,4.84,6.19,synthetic
Industrial,291.58,6.23,Low,Truck,6.16,7.38,synthetic
Apparel,165.93,81.03,High,Truck,3.31,3.67,synthetic
Electronics,78.71,78.21,High,Van,1.79,1.6,synthetic
Apparel,183.38,10.85,High,Van,4.19,4.16,synthetic
Documents,436.07,9.65,High,Truck,8.23,8.07,synthetic
Food,117.0,26.32,Low,Van,2.68,3.47,synthetic
Industrial,324.3,114.06,Low,Truck,7.09,8.73,synthetic
Industrial,214.49,5.97,High,Truck,4.71,4.13,synthetic
Documents,132.13,185.55,Medium,Truck,2.68,2.76,synthetic
Documents,296.93,18.64,Medium,Truck,5.97,6.44,synthetic
Fragile,139.65,218.09,Medium,Truck,3.29,3.84,synthetic
Industrial,65.44,14.76,Critical,Van,1.78,1.9,synthetic
Fragile,524.31,23.8,Medium,Truck,10.82,12.83,synthetic
Pharmaceutical,657.18,12.17,Critical,Truck,14.01,13.24,synthetic
Apparel,40.64,11.68,Low,Van,0.9,1.13,synthetic
Electronics,368.66,35.78,Critical,Truck,8.61,7.3,synthetic
Other,235.37,58.6,High,Truck,5.06,4.38,synthetic
Food,133.67,30.22,Medium,Van,3.43,3.23,synthetic
Apparel,161.1,21.22,Critical,Van,4.14,3.07,synthetic
Documents,65.03,5.79,Low,Van,1.69,1.93,synthetic
Electronics,143.19,25.53,High,Van,3.7,2.9,synthetic
Other,143.09,3.13,High,Van,3.55,3.85,synthetic
Pharmaceutical,388.49,8.58,Medium,Truck,8.1,9.58,synthetic
Industrial,71.47,45.13,High,Van,1.86,2.05,synthetic
Industrial,284.15,52.31,Low,Truck,5.89,7.08,synthetic
Industrial,128.6,5.65,Critical,Van,3.15,2.17,synthetic
Electronics,57.93,75.53,High,Van,1.34,1.9,synthetic
Fragile,193.05,56.78,High,Van,4.43,4.64,synthetic
Documents,138.78,8.84,Critical,Van,3.15,2.6,synthetic
Apparel,126.15,13.2,Critical,Van,2.88,2.27,synthetic
Apparel,202.05,31.94,Medium,Truck,4.2,5.19,synthetic
Electronics,86.67,8.97,Low,Van,2.02,2.25,synthetic
Pharmaceutical,179.95,53.35,Medium,Van,4.06,5.2,synthetic
Fragile,463.09,12.86,Medium,Truck,10.77,12.38,synthetic
Industrial,153.96,14.03,Medium,Van,3.35,3.28,synthetic
Fragile,153.82,125.78,Low,Truck,3.42,4.24,synthetic
Other,208.94,100.59,Low,Truck,4.31,5.16,synthetic
Pharmaceutical,72.95,52.79,Medium,Van,1.78,2.2,synthetic
Other,209.27,28.59,Medium,Truck,4.66,5.64,synthetic
Apparel,300.16,1.03,Critical,Truck,5.76,4.54,synthetic
Other,326.08,3.18,Medium,Truck,7.69,8.64,synthetic
Electronics,79.52,14.61,Critical,Van,1.84,1.19,synthetic
Documents,124.39,3.74,Low,Bike,5.24,6.06,synthetic
Industrial,856.37,24.77,Low,Truck,16.21,19.14,synthetic
Electronics,105.44,19.61,Critical,Van,2.71,2.23,synthetic
Pharmaceutical,390.25,26.58,High,Truck,8.8,8.98,synthetic
Other,615.07,45.82,Low,Truck,13.39,15.9,synthetic
Pharmaceutical,356.26,54.96,High,Truck,6.71,6.65,synthetic
Food,282.11,35.68,Critical,Truck,6.03,5.03,synthetic
Documents,104.82,4.89,Low,Van,2.63,2.99,synthetic
Food,255.76,217.21,Low,Truck,4.96,6.02,synthetic
Other,364.24,25.68,Low,Truck,8.37,9.95,synthetic
Electronics,153.64,89.27,High,Van,3.38,3.18,synthetic
Electronics,194.28,26.48,Medium,Van,4.91,4.71,synthetic
Pharmaceutical,329.1,18.87,Low,Truck,7.33,10.4,synthetic
Food,34.85,76.19,Low,Van,0.9,1.44,synthetic
Other,42.38,25.3,High,Van,0.93,0.85,synthetic
Food,92.31,8.15,High,Van,2.25,2.07,synthetic
Other,284.24,169.97,Medium,Truck,6.03,6.74,synthetic
Fragile,572.48,230.35,Medium,Truck,12.41,15.29,synthetic
Food,290.05,31.14,Medium,Truck,6.47,6.68,synthetic
Fragile,225.76,38.86,Low,Truck,4.47,5.75,synthetic
Other,185.14,20.23,Low,Van,4.07,5.21,synthetic
Apparel,98.42,203.92,Medium,Truck,2.34,3.05,synthetic
Other,510.2,8.9,Medium,Truck,11.03,12.52,synthetic
Food,494.12,25.01,Critical,Truck,10.92,9.0,synthetic
Food,354.41,31.88,Critical,Truck,7.12,5.88,synthetic
Other,394.21,33.09,Low,Truck,8.54,10.21,synthetic
Other,627.84,28.32,Medium,Truck,12.58,13.44,synthetic
Documents,173.51,687.34,Medium,Truck,3.56,4.4,synthetic
Food,790.13,79.32,High,Truck,16.51,15.33,synthetic
Documents,224.66,0.83,Low,Truck,4.81,5.79,synthetic
Food,305.77,15.39,Low,Truck,6.56,8.26,synthetic
Fragile,108.89,93.98,Low,Truck,2.06,2.76,synthetic
Food,124.27,31.61,Medium,Van,2.81,3.61,synthetic
Pharmaceutical,163.35,12.36,Medium,Van,4.4,5.47,synthetic
Pharmaceutical,166.53,58.3,High,Van,4.0,4.16,synthetic
Apparel,112.52,32.55,Low,Van,2.81,3.16,synthetic
Other,96.57,39.54,High,Van,2.26,2.12,synthetic
Apparel,152.96,41.04,High,Van,3.69,2.89,synthetic
Electronics,72.03,16.74,Medium,Van,1.85,1.85,synthetic
Apparel,140.13,20.64,High,Van,3.52,3.06,synthetic
Other,69.05,27.48,High,Van,1.54,1.11,synthetic
Documents,239.33,4.2,Medium,Truck,5.5,5.64,synthetic
Pharmaceutical,348.11,21.3,High,Truck,6.67,7.31,synthetic
Apparel,70.57,32.56,Low,Van,1.53,2.2,synthetic
Pharmaceutical,227.87,60.5,High,Truck,4.56,4.77,synthetic
Other,155.85,17.32,Medium,Air,0.24,0.3,synthetic
Food,266.7,13.2,Medium,Truck,6.33,5.61,synthetic
Pharmaceutical,80.97,92.17,Low,Bike,3.32,4.26,synthetic
Other,194.02,15.42,Medium,Van,5.01,5.12,synthetic
Pharmaceutical,189.13,34.37,High,Van,4.1,4.52,synthetic
Apparel,223.61,49.44,Low,Truck,5.12,5.74,synthetic
Fragile,625.25,8.87,High,Truck,13.41,14.28,synthetic
Fragile,45.76,266.2,Critical,Truck,0.86,0.76,synthetic
Other,100.62,27.54,High,Van,2.48,2.16,synthetic
Electronics,123.25,8.2,Medium,Van,3.29,3.36,synthetic
Apparel,147.46,14.77,Low,Van,3.67,3.92,synthetic
Food,102.95,16.0,Medium,Van,2.35,2.87,synthetic
Documents,52.1,17.3,Low,Van,1.36,1.44,synthetic
Food,212.31,87.66,High,Truck,4.04,4.07,synthetic
Pharmaceutical,36.66,58.24,Low,Van,0.96,1.05,synthetic
Industrial,166.55,120.07,Low,Truck,3.73,4.62,synthetic
Industrial,137.87,21.29,Medium,Van,3.43,3.22,synthetic
Apparel,265.23,118.22,High,Truck,5.97,5.07,synthetic
Apparel,452.78,31.44,Medium,Truck,9.51,9.56,synthetic
Pharmaceutical,317.05,108.6,High,Truck,7.58,7.55,synthetic
Electronics,122.59,7.29,High,Van,3.11,3.04,synthetic
Other,205.08,5.63,Medium,Truck,4.77,4.47,synthetic
Fragile,51.39,6.25,Medium,Van,1.17,1.45,synthetic
Pharmaceutical,143.12,13.99,High,Van,3.47,3.84,synthetic
Pharmaceutical,186.33,19.37,High,Van,4.2,4.77,synthetic
Documents,220.28,9.32,High,Train,3.49,3.35,synthetic
Documents,96.3,16.84,High,Van,2.15,1.88,synthetic
Fragile,386.18,6.89,High,Truck,8.89,9.0,synthetic
Electronics,45.64,12.47,Medium,Van,1.16,1.26,synthetic
Electronics,81.21,22.52,Low,Van,2.08,2.24,synthetic
Electronics,72.26,80.72,Critical,Truck,1.58,1.1,synthetic
Electronics,517.2,9.56,Medium,Truck,10.83,11.56,synthetic
Electronics,93.72,88.86,Medium,Truck,1.92,1.9,synthetic
Industrial,118.42,9.37,Critical,Van,2.81,2.47,synthetic
Electronics,94.52,29.99,High,Van,2.4,2.18,synthetic
Documents,171.84,3.96,High,Van,4.65,4.31,synthetic
Food,231.94,13.26,Medium,Truck,5.51,6.15,synthetic
Apparel,197.17,139.24,Low,Truck,3.91,5.27,synthetic
Pharmaceutical,218.27,41.95,Low,Truck,4.92,6.38,synthetic
Food,229.17,15.59,High,Truck,4.9,4.96,synthetic
Pharmaceutical,165.79,58.35,Medium,Van,4.2,4.19,synthetic
Other,75.25,64.76,Low,Van,1.75,1.39,synthetic
Documents,776.36,9.49,Medium,Truck,16.95,18.26,synthetic
Food,487.57,46.41,Low,Truck,9.6,11.84,synthetic
Documents,61.29,3.45,Medium,Van,1.64,1.34,synthetic
Documents,83.96,8.93,Medium,Van,2.3,2.32,synthetic
Pharmaceutical,258.91,18.9,Medium,Truck,5.27,6.27,synthetic
Documents,85.01,36.86,Low,Van,2.16,2.09,synthetic
Pharmaceutical,230.61,73.51,Medium,Truck,4.89,5.97,synthetic
Other,320.25,75.74,Critical,Truck,6.02,5.57,synthetic
Electronics,191.14,41.79,Medium,Van,4.35,4.74,synthetic
Other,314.79,12.74,Medium,Bike,14.77,16.01,synthetic
Documents,169.12,26.16,High,Van,4.4,4.22,synthetic
Industrial,180.0,15.6,High,Van,4.57,4.6,synthetic
Apparel,235.95,14.37,Medium,Truck,4.93,4.99,synthetic
Food,272.07,9.19,High,Truck,5.84,5.0,synthetic
Pharmaceutical,650.34,74.47,Critical,Truck,13.84,13.1,synthetic
Pharmaceutical,264.52,55.13,High,Truck,6.04,6.81,synthetic
Electronics,253.05,12.01,High,Truck,4.98,4.44,synthetic
Pharmaceutical,118.26,99.93,Low,Truck,2.38,2.8,synthetic
Other,206.86,27.66,Critical,Truck,4.8,3.95,synthetic
Fragile,90.85,407.17,Medium,Truck,1.95,2.67,synthetic
Apparel,180.72,8.98,Low,Van,4.13,5.5,synthetic
Documents,283.55,3.63,Medium,Truck,6.72,8.52,synthetic
Industrial,261.77,9.66,Medium,Truck,5.2,5.05,synthetic
Apparel,358.89,23.03,High,Truck,7.43,6.48,synthetic
Electronics,67.78,14.09,Low,Van,1.69,2.23,synthetic
Documents,147.28,188.98,Medium,Truck,3.37,3.71,synthetic
Apparel,134.03,26.4,Low,Van,3.18,3.31,synthetic
Food,382.41,7.78,Low,Truck,7.72,8.72,synthetic
Electronics,141.25,5.03,High,Van,3.74,3.74,synthetic
Fragile,49.98,53.91,Medium,Van,1.27,2.19,synthetic
Fragile,86.71,41.87,High,Van,1.96,1.54,synthetic
Food,75.77,43.5,Medium,Van,1.98,1.83,synthetic
Fragile,208.8,29.91,High,Truck,5.0,4.73,synthetic
Electronics,108.72,15.89,High,Van,2.49,2.15,synthetic
Food,384.44,17.47,Low,Truck,8.92,11.2,synthetic
Industrial,164.74,23.23,Low,Van,4.28,4.78,synthetic
Documents,175.67,6.06,Low,Van,3.88,4.38,synthetic
Food,221.61,194.0,Medium,Truck,4.42,5.04,synthetic
Documents,108.6,10.21,Low,Van,2.49,3.02,synthetic
Apparel,119.42,145.89,Medium,Truck,2.35,2.72,synthetic
Apparel,113.99,45.65,Low,Van,2.62,2.61,synthetic
Documents,190.54,42.47,Medium,Air,0.34,0.3,synthetic
Food,77.63,15.71,Medium,Van,1.74,1.85,synthetic
Fragile,170.17,5.5,Critical,Van,3.7,3.32,synthetic
Electronics,171.21,103.44,Low,Truck,4.03,5.23,synthetic
Other,544.12,58.65,Medium,Van,13.79,14.01,synthetic
Industrial,58.11,30.33,Medium,Van,1.46,1.59,synthetic
Other,96.27,65.93,Low,Van,2.37,2.41,synthetic
Other,357.5,10.21,Low,Truck,6.93,7.96,synthetic
Food,282.36,10.34,Medium,Truck,5.5,6.16,synthetic
Fragile,121.19,9.67,Medium,Van,3.25,3.78,synthetic
Food,460.57,4.01,Low,Truck,9.42,10.96,synthetic
Fragile,54.14,122.6,Low,Truck,1.21,1.44,synthetic
Fragile,129.29,5.71,Low,Van,3.53,4.66,synthetic
Apparel,245.79,24.01,Medium,Truck,5.48,5.68,synthetic
Electronics,210.03,4.58,High,Truck,4.49,5.02,synthetic
Pharmaceutical,227.33,551.22,Medium,Truck,4.72,5.82,synthetic
Electronics,244.44,14.57,High,Truck,5.35,5.4,synthetic
Pharmaceutical,77.43,97.32,High,Truck,1.46,1.83,synthetic
Electronics,294.93,21.96,High,Truck,6.12,5.09,synthetic
Food,69.75,17.91,Low,Van,1.58,2.24,synthetic
Food,351.71,15.3,High,Truck,8.19,7.65,synthetic
Other,419.7,11.62,Low,Truck,9.01,10.41,synthetic
Food,196.77,28.02,High,Van,5.22,4.97,synthetic
Pharmaceutical,338.67,47.77,Medium,Truck,6.7,7.85,synthetic
Fragile,250.44,16.21,Critical,Truck,4.83,4.76,synthetic
Documents,61.72,5.14,High,Bike,2.65,1.86,synthetic
Industrial,818.88,100.39,Low,Truck,16.53,19.61,synthetic
Electronics,141.69,14.87,High,Van,3.32,2.76,synthetic
Fragile,127.57,26.49,Critical,Van,3.35,3.47,synthetic
Documents,226.6,22.05,High,Truck,4.42,3.46,synthetic
Industrial,151.5,4.26,High,Van,3.47,3.07,synthetic
Fragile,135.95,22.33,Medium,Van,3.52,4.18,synthetic
Electronics,218.63,32.71,Critical,Truck,4.47,3.64,synthetic
Industrial,91.87,52.17,Low,Van,2.01,2.2,synthetic
Pharmaceutical,53.21,14.74,Medium,Van,1.3,2.08,synthetic
Documents,677.12,22.05,Low,Truck,15.78,19.25,synthetic
Industrial,115.15,46.83,Medium,Van,3.09,3.2,synthetic
Other,63.98,29.35,Medium,Van,1.46,1.59,synthetic
Pharmaceutical,452.05,16.69,Critical,Truck,9.72,9.18,synthetic
Pharmaceutical,183.8,29.23,Low,Van,4.93,6.93,synthetic
Documents,102.33,20.93,Low,Van,2.48,2.31,synthetic
Food,74.77,27.4,High,Van,1.62,1.61,synthetic
Electronics,83.51,17.61,Critical,Van,2.16,2.05,synthetic
Apparel,220.93,21.29,High,Air,0.41,0.3,synthetic
Fragile,76.06,5.33,High,Van,2.06,1.61,synthetic
Apparel,116.48,86.9,High,Truck,2.58,2.34,synthetic
Food,81.8,21.36,Low,Van,1.97,2.32,synthetic
Other,213.63,24.01,Medium,Truck,4.93,5.37,synthetic
Industrial,1307.91,6.42,Critical,Air,2.09,1.98,synthetic
Apparel,290.83,2.48,Medium,Truck,6.08,6.82,synthetic
Pharmaceutical,122.19,46.03,Medium,Van,2.78,2.93,synthetic
Apparel,159.79,42.3,Medium,Van,3.51,3.07,synthetic
Electronics,1127.49,150.0,Medium,Truck,26.69,27.83,synthetic
Documents,348.1,20.07,Critical,Truck,6.81,5.8,synthetic
Other,174.3,8.77,Critical,Van,3.96,3.06,synthetic
Electronics,813.02,11.55,Critical,Truck,15.46,12.87,synthetic
Documents,485.33,30.17,High,Truck,9.64,8.79,synthetic
Electronics,135.37,6.19,Medium,Van,2.91,3.32,synthetic
Electronics,58.99,30.89,Low,Van,1.54,1.66,synthetic
Electronics,479.81,10.4,High,Truck,9.47,8.45,synthetic
Industrial,72.39,29.53,High,Van,1.57,1.04,synthetic
Pharmaceutical,476.86,241.11,Medium,Truck,10.61,13.24,synthetic
Apparel,105.58,3.73,Medium,Van,2.39,2.61,synthetic
Industrial,210.91,38.28,Medium,Truck,5.0,5.32,synthetic
Other,186.75,27.47,Critical,Van,4.33,3.64,synthetic
Other,163.72,10.28,Medium,Air,0.3,0.3,synthetic
Industrial,197.18,8.23,Medium,Van,5.37,6.01,synthetic
Documents,205.37,15.69,Low,Truck,4.75,5.58,synthetic
Fragile,49.42,99.41,Medium,Truck,1.1,0.92,synthetic
Fragile,199.1,12.91,Medium,Van,5.1,5.8,synthetic
Pharmaceutical,213.73,10.34,Critical,Truck,4.91,3.93,synthetic
Pharmaceutical,86.76,32.69,Low,Van,1.92,3.02,synthetic
Electronics,46.87,4.85,Medium,Van,1.01,1.59,synthetic
Apparel,88.65,42.12,High,Van,2.35,2.33,synthetic
Industrial,318.39,288.78,Low,Truck,6.27,7.67,synthetic
Pharmaceutical,181.21,25.74,Medium,Van,4.77,5.54,synthetic
Other,153.05,20.32,Critical,Van,3.48,2.22,synthetic
Food,196.89,10.31,Medium,Bike,9.63,10.12,synthetic
Apparel,192.49,79.38,High,Van,4.93,4.56,synthetic
Pharmaceutical,164.42,15.79,High,Van,3.72,3.7,synthetic
Other,94.66,13.88,Critical,Van,2.43,2.05,synthetic
Fragile,263.85,12.73,High,Truck,5.46,5.34,synthetic
Industrial,134.61,69.72,Critical,Van,3.42,3.07,synthetic
Apparel,322.4,36.12,Medium,Truck,7.32,7.55,synthetic
Electronics,139.84,44.13,Low,Van,3.52,4.13,synthetic
Electronics,229.2,17.86,Critical,Truck,5.02,4.17,synthetic
Fragile,50.14,99.49,Medium,Truck,0.99,0.98,synthetic
Apparel,454.74,189.02,Medium,Truck,10.69,11.67,synthetic
Documents,236.04,11.02,High,Truck,4.77,5.04,synthetic
Electronics,315.3,91.7,Low,Truck,6.96,7.76,synthetic
Food,189.14,36.75,Medium,Van,5.03,5.17,synthetic
Documents,199.03,158.16,Medium,Truck,4.17,4.38,synthetic
Pharmaceutical,236.32,93.92,High,Truck,4.68,4.92,synthetic
Food,159.16,8.55,High,Van,4.06,4.24,synthetic
Other,267.84,9.91,High,Truck,5.69,5.33,synthetic
Electronics,294.5,34.39,Critical,Truck,6.42,5.57,synthetic
Industrial,159.36,15.95,Medium,Van,3.73,3.44,synthetic
Fragile,67.07,2.94,Critical,Van,1.44,1.49,synthetic
Industrial,79.04,18.18,Medium,Van,1.83,1.76,synthetic
Fragile,202.07,37.54,Critical,Truck,4.24,3.99,synthetic
Industrial,285.02,28.93,Low,Truck,5.64,6.58,synthetic
Pharmaceutical,305.28,5.23,Critical,Truck,6.61,5.86,synthetic
Documents,351.92,54.29,Medium,Truck,8.23,8.67,synthetic
Electronics,203.86,13.73,Critical,Truck,4.02,3.72,synthetic
Documents,110.62,3.25,Medium,Van,2.39,2.42,synthetic
Industrial,96.6,4.7,Low,Van,2.15,2.58,synthetic
Electronics,58.23,47.89,Medium,Van,1.53,1.9,synthetic
Apparel,209.18,11.46,High,Truck,4.71,4.09,synthetic
Food,82.15,3.69,Medium,Van,1.93,2.01,synthetic
Industrial,40.81,39.72,High,Van,0.91,0.91,synthetic
Documents,228.67,91.55,High,Truck,4.4,4.06,synthetic
Fragile,76.83,46.36,Critical,Van,1.94,1.6,synthetic
Fragile,67.6,41.84,Medium,Van,1.57,1.4,synthetic
Documents,107.11,29.19,Medium,Van,2.43,2.26,synthetic
Pharmaceutical,727.26,8.79,Low,Truck,14.92,19.98,synthetic
Pharmaceutical,96.8,16.46,Low,Van,2.53,4.3,synthetic
Other,113.81,5.6,Medium,Van,2.73,2.71,synthetic
Apparel,183.97,57.53,Medium,Van,4.6,4.83,synthetic
Fragile,326.83,14.03,Medium,Truck,6.22,7.6,synthetic
Fragile,78.14,19.17,Low,Van,2.02,2.3,synthetic
Fragile,113.2,42.3,Medium,Van,2.95,3.56,synthetic
Fragile,141.11,3.95,High,Air,0.24,0.63,synthetic
Electronics,173.87,12.3,Medium,Van,3.83,3.94,synthetic
Fragile,262.39,9.48,Medium,Truck,5.32,6.55,synthetic
Industrial,264.91,20.1,High,Truck,5.48,5.62,synthetic
Pharmaceutical,149.83,21.6,Medium,Air,0.26,0.46,synthetic
Other,228.67,161.59,Critical,Truck,4.73,4.16,synthetic
Pharmaceutical,205.79,42.67,Low,Truck,4.86,6.78,synthetic
Industrial,586.86,17.68,Critical,Truck,11.68,9.5,synthetic
Fragile,108.21,11.58,Medium,Train,1.79,2.51,synthetic
Fragile,195.05,39.22,Low,Air,0.33,0.82,synthetic
Pharmaceutical,78.52,17.72,Critical,Van,2.1,2.02,synthetic
Industrial,242.7,32.54,Low,Truck,4.58,5.58,synthetic
Industrial,149.85,44.97,Medium,Van,3.79,4.42,synthetic
Food,249.86,329.03,High,Truck,5.79,5.95,synthetic
Documents,144.89,62.11,Medium,Van,3.82,4.0,synthetic
Documents,361.68,20.16,High,Truck,8.27,8.66,synthetic
Documents,66.18,45.21,Medium,Van,1.48,1.63,synthetic
Apparel,88.06,29.65,High,Van,2.04,1.61,synthetic
Pharmaceutical,141.92,65.02,Critical,Van,3.75,3.24,synthetic
Fragile,273.57,10.38,Medium,Truck,6.48,8.24,synthetic
Industrial,266.85,106.48,High,Truck,5.77,5.63,synthetic
Apparel,798.63,37.5,High,Truck,16.32,15.05,synthetic
Food,135.55,18.37,Medium,Van,3.57,3.69,synthetic
Fragile,232.43,26.59,Medium,Truck,4.83,5.69,synthetic
Food,148.12,46.4,Medium,Van,3.41,3.85,synthetic
Pharmaceutical,152.04,127.4,High,Truck,3.46,4.2,synthetic
Other,465.85,286.63,High,Train,6.56,6.3,synthetic
Apparel,1120.33,34.83,High,Air,1.85,1.65,synthetic
Industrial,371.63,3.88,High,Truck,8.15,7.41,synthetic
Apparel,242.57,25.29,Critical,Truck,5.15,4.5,synthetic
Industrial,346.34,9.96,Medium,Truck,8.09,8.17,synthetic
Food,198.53,10.67,Medium,Van,4.82,4.95,synthetic
Pharmaceutical,296.97,22.3,Medium,Truck,6.27,7.97,synthetic
Other,1111.52,11.61,Medium,Truck,23.44,24.59,synthetic
Other,148.89,9.53,Medium,Van,3.29,3.81,synthetic
Industrial,82.27,162.94,Medium,Truck,1.55,2.33,synthetic
Documents,176.77,24.06,Low,Van,4.77,5.13,synthetic
Pharmaceutical,387.24,4.4,Critical,Truck,8.71,8.62,synthetic
Documents,60.56,100.7,High,Truck,1.16,0.97,synthetic
Apparel,195.48,16.67,Low,Van,4.22,5.24,synthetic
Pharmaceutical,144.14,8.81,Medium,Van,3.6,3.84,synthetic
Other,215.16,10.96,Low,Van,5.41,6.22,synthetic
Other,829.56,33.32,Medium,Truck,17.68,18.61,synthetic
Electronics,507.58,14.07,High,Truck,10.26,9.47,synthetic
Documents,339.22,26.64,High,Truck,7.82,6.67,synthetic
Food,508.67,22.55,High,Truck,10.96,9.97,synthetic
Industrial,169.33,39.59,High,Van,4.04,3.24,synthetic
Electronics,1508.18,124.71,Medium,Truck,34.57,37.2,synthetic
Pharmaceutical,120.04,105.51,Low,Truck,2.77,3.63,synthetic
Food,121.55,26.78,Critical,Van,3.0,2.56,synthetic
Pharmaceutical,81.98,4.4,Critical,Van,2.03,1.38,synthetic
Other,313.95,3.25,High,Truck,6.08,5.79,synthetic
Documents,107.4,52.48,Medium,Van,2.31,2.26,synthetic
Documents,121.86,19.18,High,Van,2.72,2.57,synthetic
Food,160.23,29.31,High,Van,4.3,4.39,synthetic
Electronics,373.94,28.08,Medium,Bike,16.17,17.33,synthetic
Documents,115.71,23.23,Low,Van,2.69,2.44,synthetic
Industrial,114.49,199.1,Critical,Truck,2.22,1.37,synthetic
Electronics,681.66,136.1,Medium,Truck,14.43,15.22,synthetic
Documents,568.05,30.43,Low,Truck,10.93,12.63,synthetic
Electronics,250.65,9.5,High,Truck,5.16,5.25,synthetic
Food,150.24,12.68,Low,Air,0.25,0.3,synthetic
Pharmaceutical,158.74,20.01,Medium,Van,4.26,5.29,synthetic
Food,545.66,28.48,Medium,Truck,10.76,11.12,synthetic
Fragile,152.48,52.94,High,Van,3.86,3.19,synthetic
Fragile,410.34,20.33,Medium,Truck,8.08,8.48,synthetic
Pharmaceutical,120.56,14.72,Medium,Van,2.73,3.64,synthetic
Food,73.1,12.26,High,Van,1.7,0.87,synthetic
Documents,274.32,64.25,Medium,Truck,6.4,6.71,synthetic
Electronics,156.3,11.86,High,Van,4.0,3.81,synthetic
Apparel,132.54,15.47,High,Van,2.97,2.46,synthetic
Food,400.3,20.15,Medium,Truck,8.41,8.63,synthetic
Other,61.62,31.29,Medium,Van,1.55,1.83,synthetic
Pharmaceutical,58.86,21.9,Medium,Van,1.26,0.68,synthetic
Apparel,234.71,16.62,Critical,Truck,5.09,4.26,synthetic
Electronics,535.21,20.02,High,Truck,11.25,10.26,synthetic
Pharmaceutical,129.03,35.15,High,Van,3.45,3.98,synthetic
Fragile,387.24,12.54,Medium,Truck,7.9,9.51,synthetic
Food,334.85,13.2,Low,Truck,6.84,8.33,synthetic
Industrial,298.67,9.18,High,Bike,15.56,14.5,synthetic
Pharmaceutical,134.35,25.63,Medium,Train,1.99,2.07,synthetic
Fragile,106.18,303.92,Medium,Truck,2.05,3.32,synthetic
Documents,404.76,15.64,Low,Train,5.7,6.6,synthetic
Other,219.67,342.24,High,Truck,4.96,4.79,synthetic
Pharmaceutical,638.17,101.25,High,Truck,12.67,13.03,synthetic
Food,152.84,21.7,Low,Van,4.16,4.95,synthetic
Food,147.51,12.87,Medium,Van,3.72,3.99,synthetic
Other,98.69,51.92,Low,Van,2.24,2.39,synthetic
Fragile,671.46,22.88,High,Truck,13.36,13.67,synthetic
Apparel,444.32,12.81,Medium,Truck,10.63,11.09,synthetic
Industrial,203.92,298.45,Critical,Train,2.93,2.64,synthetic
Other,62.82,4.05,High,Van,1.37,0.7,synthetic
Fragile,742.54,77.48,High,Truck,14.83,15.71,synthetic
Electronics,81.35,13.11,Medium,Van,1.94,1.29,synthetic
Apparel,265.94,146.86,Medium,Truck,5.61,5.43,synthetic
Fragile,98.66,63.66,Critical,Van,2.68,2.68,synthetic
Other,41.78,9.59,High,Van,0.97,1.04,synthetic
Apparel,146.85,59.19,Low,Van,3.88,4.77,synthetic
Electronics,179.12,25.98,Critical,Van,4.28,3.56,synthetic
Electronics,65.97,41.46,Medium,Van,1.73,1.39,synthetic
Apparel,298.08,17.87,Medium,Truck,5.71,5.63,synthetic
Documents,604.47,20.03,Low,Truck,11.5,13.63,synthetic
Industrial,288.14,82.34,Medium,Truck,6.54,7.41,synthetic
Food,155.49,30.77,Low,Van,4.14,4.82,synthetic
Apparel,168.7,138.38,Low,Truck,3.85,4.4,synthetic
Other,89.4,27.81,High,Van,1.97,1.47,synthetic
Food,123.65,11.24,High,Van,2.74,2.35,synthetic
Electronics,142.42,66.17,High,Van,3.36,3.13,synthetic
Electronics,111.6,6.36,Medium,Van,2.46,2.79,synthetic
Other,95.93,16.07,High,Van,2.21,2.4,synthetic
Fragile,737.91,4.11,High,Truck,16.85,17.22,synthetic
Apparel,547.54,77.25,Critical,Truck,12.84,10.66,synthetic
Electronics,63.17,123.83,Critical,Truck,1.27,1.53,synthetic
Industrial,366.93,6.01,Critical,Truck,7.18,6.03,synthetic
Pharmaceutical,272.22,44.92,Low,Truck,5.85,7.28,synthetic
Fragile,142.24,5.75,High,Van,3.37,3.29,synthetic
Pharmaceutical,212.48,14.74,High,Truck,4.95,5.43,synthetic
Documents,252.74,36.19,Critical,Truck,5.28,4.05,synthetic
Documents,262.6,7.06,Critical,Truck,5.83,4.84,synthetic
Industrial,68.31,44.88,Critical,Van,1.67,1.48,synthetic
Fragile,206.19,400.36,High,Truck,4.75,5.1,synthetic
Fragile,314.39,13.49,High,Truck,6.22,6.58,synthetic
Fragile,294.16,26.98,Low,Truck,6.92,9.49,synthetic
Electronics,140.46,80.44,High,Truck,2.64,2.25,synthetic
Fragile,331.79,13.39,High,Truck,6.3,7.25,synthetic
Other,213.26,57.31,Medium,Truck,4.95,5.54,synthetic
Industrial,179.19,6.74,Low,Bike,9.07,10.78,synthetic
Apparel,73.14,17.01,Low,Van,1.67,2.05,synthetic
Other,48.83,51.4,High,Van,1.12,0.68,synthetic
Fragile,382.08,68.44,Medium,Truck,8.13,8.97,synthetic
Food,282.13,11.45,High,Truck,6.44,6.07,synthetic
Documents,75.1,24.57,Medium,Van,2.0,1.83,synthetic
Fragile,108.29,6.94,Low,Van,2.53,3.02,synthetic
Electronics,77.78,30.09,Low,Van,1.82,2.21,synthetic
Industrial,88.11,27.24,Medium,Van,1.89,2.48,synthetic
Electronics,509.05,66.9,Medium,Truck,10.46,10.46,synthetic
Documents,381.86,11.89,Low,Truck,8.2,8.93,synthetic
Documents,409.73,44.82,Low,Truck,8.11,9.99,synthetic
Pharmaceutical,162.97,43.32,Critical,Van,4.11,3.82,synthetic
Electronics,214.3,2.75,Low,Truck,4.85,5.16,synthetic
Fragile,57.17,39.21,Critical,Bike,2.74,2.31,synthetic
Other,174.78,60.64,Medium,Van,4.28,3.9,synthetic
Apparel,105.26,7.69,High,Van,2.7,2.32,synthetic
Other,72.35,96.33,Critical,Truck,1.57,1.79,synthetic
Fragile,599.99,49.21,Critical,Truck,14.19,12.95,synthetic
Fragile,241.23,3.62,Low,Truck,4.87,6.56,synthetic
Apparel,242.19,25.16,High,Truck,4.98,4.93,synthetic
Industrial,245.37,32.51,Medium,Truck,5.07,5.1,synthetic
Fragile,64.31,19.94,Low,Van,1.65,2.23,synthetic
Pharmaceutical,507.61,81.38,High,Truck,9.91,10.37,synthetic
Other,198.55,20.22,Critical,Van,5.01,3.97,synthetic
Food,233.84,99.46,Medium,Truck,5.32,5.43,synthetic
Documents,157.98,46.73,Medium,Van,3.96,4.65,synthetic
Fragile,96.46,94.3,Low,Truck,2.07,2.91,synthetic
Pharmaceutical,206.67,16.93,High,Truck,4.85,4.89,synthetic
Fragile,253.96,16.74,High,Truck,5.63,5.88,synthetic
Documents,110.03,17.2,Medium,Van,2.84,2.79,synthetic
Documents,126.23,26.28,High,Van,3.15,3.08,synthetic
Documents,539.68,20.48,High,Truck,12.58,12.18,synthetic
Fragile,34.63,22.47,Medium,Van,0.78,0.74,synthetic
Electronics,170.73,440.99,Medium,Truck,3.94,4.77,synthetic
Other,134.68,75.18,Medium,Van,3.62,3.28,synthetic
Food,173.34,36.49,Critical,Van,3.89,3.13,synthetic
Food,834.11,66.89,High,Truck,17.72,16.37,synthetic
Fragile,45.65,18.9,Medium,Van,1.02,1.33,synthetic
Fragile,166.24,79.17,Critical,Van,4.31,4.07,synthetic
Food,126.45,3.0,Medium,Van,3.2,3.32,synthetic
Apparel,231.78,13.13,Low,Truck,4.9,6.27,synthetic
Food,47.77,4.85,Low,Van,1.2,1.21,synthetic
Industrial,105.1,10.0,Medium,Van,2.57,2.43,synthetic
Industrial,196.27,15.77,High,Van,5.03,5.22,synthetic
Other,391.72,44.91,High,Truck,8.9,8.2,synthetic
Food,542.4,30.52,Medium,Truck,11.14,11.2,synthetic
Pharmaceutical,83.87,60.07,Medium,Van,1.81,1.99,synthetic
Pharmaceutical,248.81,30.43,Critical,Truck,5.93,5.47,synthetic
Food,154.13,24.0,Medium,Van,4.16,4.78,synthetic
Fragile,131.53,204.67,Medium,Truck,2.94,3.24,synthetic
Other,112.51,30.05,High,Van,2.52,2.06,synthetic
Food,395.14,4.64,Medium,Truck,8.64,9.02,synthetic
Electronics,91.02,23.93,High,Air,0.17,0.3,synthetic
Documents,395.65,188.61,Low,Truck,7.92,9.84,synthetic
Industrial,47.12,146.81,Medium,Truck,1.06,1.33,synthetic
Other,806.77,132.85,Low,Truck,19.16,23.24,synthetic
Electronics,419.82,55.34,Critical,Truck,9.61,7.91,synthetic
Other,419.52,71.92,Medium,Truck,8.41,9.1,synthetic
Food,132.43,3.86,Medium,Van,3.41,2.99,synthetic
Documents,221.72,8.51,Medium,Truck,4.83,5.55,synthetic
Pharmaceutical,127.78,248.41,Critical,Truck,2.76,3.04,synthetic
Industrial,110.02,34.21,Critical,Van,2.97,2.28,synthetic
Industrial,279.71,51.85,Low,Truck,6.46,7.77,synthetic
Electronics,178.46,7.94,Medium,Van,3.99,4.57,synthetic
Documents,192.42,4.71,High,Van,5.22,4.84,synthetic
Electronics,96.34,78.93,High,Van,2.39,2.47,synthetic
Industrial,166.61,188.13,Medium,Truck,3.63,4.08,synthetic
Fragile,222.09,22.06,High,Truck,4.74,5.33,synthetic
Food,264.58,15.02,Medium,Truck,5.0,5.26,synthetic
Apparel,291.33,18.27,Medium,Truck,5.83,6.33,synthetic
Pharmaceutical,407.52,75.48,Critical,Truck,8.11,7.62,synthetic
Electronics,116.99,318.55,Critical,Truck,2.44,1.88,synthetic
Industrial,216.36,10.25,Critical,Truck,4.59,3.67,synthetic
Apparel,218.99,37.73,Medium,Truck,4.77,5.16,synthetic
Food,302.22,44.98,Medium,Truck,6.56,7.89,synthetic
Industrial,38.94,24.33,Medium,Van,0.95,1.25,synthetic
Food,111.52,13.5,High,Van,2.63,2.26,synthetic
Pharmaceutical,157.72,83.8,High,Truck,3.0,3.25,synthetic
Industrial,98.94,107.55,High,Truck,2.34,2.72,synthetic
Fragile,385.01,9.55,High,Truck,8.33,8.57,synthetic
Fragile,156.07,183.63,Medium,Truck,3.43,4.04,synthetic
Other,148.33,13.6,Medium,Van,3.25,2.69,synthetic
Electronics,89.22,68.54,High,Van,1.99,1.67,synthetic
Electronics,103.77,7.08,High,Van,2.67,2.36,synthetic
Food,194.7,42.4,Critical,Van,5.26,4.71,synthetic
Fragile,167.85,65.4,Critical,Van,4.56,4.53,synthetic
Fragile,220.95,16.08,Medium,Truck,4.45,5.0,synthetic
Apparel,117.67,106.91,Critical,Van,2.82,2.86,synthetic
Apparel,146.66,5.09,Critical,Air,0.23,0.31,synthetic
Electronics,347.95,17.61,Critical,Truck,6.88,5.42,synthetic
Apparel,74.65,23.04,Critical,Van,1.63,1.8,synthetic
Documents,300.84,3.8,Medium,Truck,6.28,6.59,synthetic
Documents,502.84,199.51,High,Truck,11.81,11.64,synthetic
Pharmaceutical,93.85,12.6,Medium,Van,2.35,3.05,synthetic
Documents,99.02,112.55,Low,Truck,2.29,2.74,synthetic
Electronics,117.11,20.94,Critical,Van,2.79,2.56,synthetic
Fragile,289.04,21.31,High,Truck,6.1,6.8,synthetic
Industrial,232.13,37.59,High,Truck,4.47,3.75,synthetic
Industrial,168.06,17.0,Medium,Van,4.48,4.55,synthetic
Documents,414.71,224.59,Low,Truck,9.84,12.36,synthetic
Other,153.23,9.51,High,Van,3.53,3.53,synthetic
Pharmaceutical,290.63,39.12,Medium,Truck,6.18,7.12,synthetic
Food,30.19,8.09,Low,Van,0.74,0.75,synthetic
Other,220.85,100.01,Critical,Truck,4.5,3.62,synthetic
Industrial,217.25,5.15,Critical,Truck,4.16,3.33,synthetic
Pharmaceutical,132.09,49.39,Low,Van,3.17,3.87,synthetic
Documents,258.68,31.96,Medium,Truck,5.37,5.71,synthetic
Apparel,862.57,29.89,Critical,Truck,18.75,15.23,synthetic
Other,246.86,15.45,Critical,Truck,4.79,3.6,synthetic
Industrial,355.06,61.23,Low,Truck,8.09,9.67,synthetic
Electronics,254.33,34.18,Critical,Truck,5.22,4.08,synthetic
Industrial,82.33,30.08,Low,Van,2.21,2.1,synthetic
Documents,264.93,3.56,Medium,Truck,5.03,5.21,synthetic
Pharmaceutical,64.74,41.8,Medium,Van,1.55,1.96,synthetic
Fragile,110.69,2.75,Critical,Van,2.46,2.08,synthetic
Food,253.75,27.32,Low,Truck,5.99,7.06,synthetic
Industrial,187.55,25.78,Medium,Van,4.41,4.66,synthetic
Documents,140.0,3.76,High,Van,3.62,3.44,synthetic
Documents,231.51,8.65,Medium,Truck,5.48,5.27,synthetic
Pharmaceutical,370.52,8.28,Low,Truck,8.5,11.26,synthetic
Food,198.96,15.51,Low,Van,4.7,6.07,synthetic
Apparel,181.8,40.83,High,Van,4.26,4.41,synthetic
Electronics,64.0,7.29,High,Van,1.72,1.67,synthetic
Fragile,491.31,38.02,High,Truck,10.68,11.6,synthetic
Fragile,404.55,12.91,High,Truck,9.2,9.31,synthetic
Food,239.69,5.73,Medium,Truck,4.52,4.68,synthetic
Electronics,140.41,11.74,Low,Van,3.71,4.21,synthetic
Industrial,123.17,131.32,High,Truck,2.63,2.16,synthetic
Food,118.14,11.96,Low,Van,3.07,2.76,synthetic
Food,142.92,29.27,Critical,Van,3.27,2.36,synthetic
Other,18.96,9.7,Critical,Van,0.51,1.1,synthetic
Pharmaceutical,326.18,25.11,High,Truck,7.74,8.18,synthetic
Industrial,164.49,16.77,High,Van,4.12,3.65,synthetic
Industrial,494.55,41.23,High,Truck,11.34,10.29,synthetic
Documents,128.94,21.2,High,Van,2.88,2.27,synthetic
Apparel,230.5,11.68,Medium,Truck,4.75,4.78,synthetic
Documents,154.55,17.03,Critical,Van,3.86,3.19,synthetic
Electronics,188.82,38.2,Medium,Van,4.07,4.03,synthetic
Documents,148.11,11.28,Low,Van,3.77,4.58,synthetic
Food,159.33,29.97,Low,Van,4.36,5.36,synthetic
Pharmaceutical,154.03,17.14,High,Van,3.55,4.23,synthetic
Documents,31.23,113.65,Medium,Truck,0.62,0.53,synthetic
Other,387.19,15.18,Low,Truck,7.91,9.64,synthetic
Food,264.04,9.14,High,Truck,5.84,5.15,synthetic
Industrial,530.85,19.6,Critical,Truck,10.33,8.66,synthetic
Industrial,216.82,3.43,Medium,Truck,5.05,5.02,synthetic
Electronics,212.65,5.11,Critical,Truck,4.58,4.32,synthetic
Industrial,440.12,17.19,Low,Truck,10.13,11.8,synthetic
Other,65.29,46.61,Medium,Van,1.64,1.64,synthetic
Documents,1349.61,43.8,High,Air,2.26,1.6,synthetic
Other,614.21,50.61,Medium,Truck,14.12,14.8,synthetic
Fragile,158.89,6.63,High,Van,4.01,3.69,synthetic
Industrial,422.52,28.58,High,Truck,8.55,7.33,synthetic
Apparel,96.77,207.2,High,Truck,2.12,1.41,synthetic
Other,545.24,65.37,Low,Truck,10.94,13.0,synthetic
Apparel,158.01,18.95,High,Van,3.44,3.64,synthetic
Food,1189.96,16.27,Low,Truck,25.65,30.2,synthetic
Fragile,110.04,11.34,Low,Van,2.77,4.16,synthetic
Other,172.55,47.78,High,Van,4.3,4.09,synthetic
Electronics,503.09,63.73,Critical,Truck,11.47,9.67,synthetic
Pharmaceutical,529.48,7.25,Low,Truck,12.61,16.58,synthetic
Fragile,320.02,14.16,Low,Truck,6.57,8.85,synthetic
Fragile,308.44,269.85,High,Truck,6.08,6.77,synthetic
Industrial,67.44,17.91,Medium,Van,1.8,1.51,synthetic
Documents,794.96,35.08,High,Truck,17.11,16.62,synthetic
Pharmaceutical,1160.5,3.21,Medium,Truck,26.24,30.62,synthetic
Other,42.53,22.21,Medium,Van,1.11,0.68,synthetic
Electronics,119.5,6.64,High,Van,2.82,2.22,synthetic
Fragile,199.45,8.49,Critical,Van,4.71,4.31,synthetic
Apparel,160.07,20.8,High,Air,0.26,0.3,synthetic
Other,768.53,91.89,Medium,Truck,14.71,15.9,synthetic
Fragile,399.08,28.75,Low,Truck,8.43,10.87,synthetic
Pharmaceutical,205.85,23.4,Low,Truck,4.53,5.52,synthetic
Pharmaceutical,97.02,33.73,High,Van,2.59,3.18,synthetic
Food,174.92,81.57,High,Truck,3.87,3.04,synthetic
Fragile,390.4,2.5,Low,Bike,17.23,22.49,synthetic
Industrial,486.86,21.51,High,Train,6.75,6.0,synthetic
Fragile,643.7,22.08,Medium,Truck,13.58,16.09,synthetic
Documents,58.34,52.42,Medium,Van,1.38,1.35,synthetic
Other,204.39,208.52,Medium,Truck,4.3,4.63,synthetic
Other,341.54,44.0,Medium,Truck,7.11,7.93,synthetic
Food,119.7,10.83,Medium,Truck,2.45,2.87,synthetic
Food,123.77,137.04,Low,Truck,2.48,3.12,synthetic
Pharmaceutical,358.01,15.32,High,Truck,7.85,8.96,synthetic
Fragile,74.85,32.94,Medium,Van,1.91,2.61,synthetic
Other,183.61,15.08,Low,Bike,8.64,10.03,synthetic
Industrial,376.43,57.23,Critical,Truck,8.43,6.93,synthetic
Fragile,88.29,20.55,Medium,Van,1.94,2.69,synthetic
Pharmaceutical,327.69,46.91,High,Truck,7.6,8.37,synthetic
Other,113.45,62.31,Medium,Van,3.02,3.05,synthetic
Other,267.89,11.6,Low,Truck,5.58,6.77,synthetic
Other,209.4,29.0,Medium,Truck,4.38,4.75,synthetic
Apparel,208.23,282.59,Medium,Truck,3.94,5.02,synthetic
Industrial,107.92,6.23,Medium,Van,2.81,2.93,synthetic
Pharmaceutical,281.63,46.63,Medium,Truck,6.47,8.16,synthetic
Industrial,74.79,78.25,Medium,Van,2.0,1.93,synthetic
Food,135.06,16.5,Medium,Van,3.35,3.88,synthetic
Documents,127.68,13.21,Low,Train,2.01,3.06,synthetic
Documents,69.88,31.25,High,Van,1.8,1.1,synthetic
Food,98.3,24.28,Low,Van,2.24,2.64,synthetic
Other,215.27,73.88,Critical,Truck,4.43,3.59,synthetic
Documents,84.41,8.68,Critical,Van,2.23,1.32,synthetic
Food,83.95,19.7,Medium,Van,1.81,1.6,synthetic
Industrial,195.89,72.39,Critical,Van,5.2,3.66,synthetic
Other,252.61,35.71,High,Truck,5.19,4.92,synthetic
Food,276.1,8.48,Critical,Truck,6.41,5.76,synthetic
Pharmaceutical,76.76,172.39,Medium,Truck,1.56,1.81,synthetic
Documents,309.52,32.1,Medium,Truck,7.12,7.46,synthetic
Other,166.81,186.56,Critical,Truck,3.43,3.41,synthetic
Documents,133.48,8.66,High,Van,3.06,2.21,synthetic
Other,421.71,29.14,High,Truck,8.3,7.36,synthetic
Pharmaceutical,55.97,37.43,Low,Van,1.47,1.59,synthetic
Pharmaceutical,387.86,32.21,High,Truck,9.07,9.52,synthetic
Industrial,409.71,116.29,High,Truck,8.79,8.56,synthetic
Apparel,631.04,10.22,Critical,Truck,14.72,12.46,synthetic
Apparel,266.4,74.16,Critical,Truck,5.89,4.35,synthetic
Apparel,209.79,8.9,High,Air,0.32,0.3,synthetic
Other,466.19,24.97,Medium,Truck,9.63,10.52,synthetic
Other,331.81,63.24,High,Truck,7.55,6.89,synthetic
Apparel,481.99,21.91,Medium,Truck,11.03,11.77,synthetic
Electronics,587.0,10.2,High,Truck,12.94,11.85,synthetic
Other,227.79,7.45,High,Truck,4.82,5.07,synthetic
Other,88.58,134.84,High,Truck,2.08,1.75,synthetic
Food,126.27,8.97,Medium,Van,3.02,3.22,synthetic
Electronics,410.17,4.83,Low,Truck,9.49,11.33,synthetic
Fragile,348.57,13.68,Low,Truck,7.44,9.68,synthetic
Pharmaceutical,85.72,15.87,Medium,Van,2.32,3.07,synthetic
Electronics,57.15,8.85,Medium,Van,1.33,1.74,synthetic
Food,852.62,10.59,Low,Truck,18.65,21.97,synthetic
Documents,173.95,21.11,Medium,Van,3.99,3.98,synthetic
Apparel,190.44,11.24,Medium,Van,4.82,4.56,synthetic
Apparel,136.98,22.88,Medium,Van,2.98,3.21,synthetic
Industrial,257.58,12.1,Medium,Truck,5.45,5.97,synthetic
Industrial,437.28,85.85,High,Train,7.43,6.49,synthetic
Other,108.86,12.73,Low,Van,2.72,3.21,synthetic
Electronics,387.24,20.92,Critical,Truck,7.46,6.7,synthetic
Pharmaceutical,480.07,15.6,High,Truck,11.15,11.21,synthetic
Fragile,183.92,4.21,High,Van,4.68,4.85,synthetic
Food,141.1,24.45,Medium,Van,3.18,3.43,synthetic
Food,180.03,31.64,High,Van,4.19,4.0,synthetic
Apparel,167.93,25.37,High,Van,3.64,3.63,synthetic
Pharmaceutical,631.88,12.63,High,Truck,13.84,14.58,synthetic
Documents,228.73,12.38,Critical,Truck,4.64,4.07,synthetic
Documents,174.53,16.18,Low,Van,3.99,5.01,synthetic
Electronics,376.75,12.53,High,Truck,7.66,7.2,synthetic
Documents,198.15,14.79,Medium,Truck,3.83,4.14,synthetic
Apparel,88.99,24.95,Low,Bike,4.27,5.03,synthetic
Industrial,130.66,167.91,Low,Truck,3.0,3.99,synthetic
Industrial,356.15,74.7,High,Truck,6.97,6.34,synthetic
Other,72.36,105.7,Medium,Truck,1.55,1.79,synthetic
Industrial,539.09,3.64,Low,Truck,10.45,12.57,synthetic
Electronics,631.4,147.28,High,Truck,13.15,12.19,synthetic
Industrial,353.53,9.23,Medium,Truck,7.98,8.04,synthetic
Industrial,206.65,7.48,Medium,Truck,4.65,4.5,synthetic
Food,293.64,8.26,Low,Truck,5.66,6.97,synthetic
Apparel,378.22,6.91,Medium,Van,8.63,9.05,synthetic
Fragile,99.78,21.32,High,Van,2.26,2.07,synthetic
Pharmaceutical,154.75,4.0,Low,Van,3.71,4.43,synthetic
Fragile,222.51,10.38,Medium,Truck,5.02,6.23,synthetic
Pharmaceutical,398.37,17.08,Low,Truck,9.21,12.86,synthetic
Food,167.4,77.44,High,Van,4.39,4.38,synthetic
Pharmaceutical,180.49,6.43,Medium,Van,4.22,5.29,synthetic
Apparel,306.41,39.81,Medium,Truck,7.13,7.69,synthetic
Documents,252.84,5.23,Critical,Truck,5.03,4.52,synthetic
Apparel,39.71,137.18,High,Truck,0.92,1.05,synthetic
Apparel,69.8,21.84,Critical,Van,1.61,1.55,synthetic
Electronics,119.48,7.43,Medium,Van,3.2,2.68,synthetic
Industrial,117.69,91.56,Medium,Truck,2.69,3.88,synthetic
Electronics,199.03,63.07,Medium,Van,4.66,4.96,synthetic
Other,121.74,30.35,Medium,Van,2.89,3.03,synthetic
Industrial,220.48,30.4,High,Truck,4.9,4.89,synthetic
Industrial,194.37,9.0,Medium,Van,5.27,5.99,synthetic
Pharmaceutical,406.3,78.01,Medium,Truck,9.54,12.0,synthetic
Food,366.95,28.74,Medium,Truck,8.14,8.59,synthetic
Fragile,61.75,12.89,Medium,Van,1.45,2.02,synthetic
Food,238.02,47.84,Medium,Truck,4.53,4.84,synthetic
Industrial,174.99,11.33,Low,Van,4.17,4.74,synthetic
Fragile,132.81,33.89,Medium,Van,2.93,3.74,synthetic
Other,102.2,4.22,Low,Van,2.25,2.9,synthetic
Apparel,435.76,35.48,High,Truck,8.31,7.75,synthetic
Documents,364.81,39.38,Medium,Truck,7.42,7.28,synthetic
Industrial,76.02,11.72,Medium,Van,1.71,1.94,synthetic
Electronics,286.22,79.2,Critical,Truck,5.49,5.06,synthetic
Other,117.63,20.62,Medium,Van,2.92,2.69,synthetic
Other,328.16,103.26,High,Truck,6.37,5.95,synthetic
Industrial,233.69,28.67,Medium,Truck,5.54,6.06,synthetic
Industrial,339.49,32.49,Low,Truck,7.28,8.77,synthetic
Documents,458.28,25.17,Critical,Truck,9.88,7.8,synthetic
Fragile,291.25,216.8,Medium,Truck,6.53,8.27,synthetic
Industrial,168.81,12.95,Medium,Van,4.49,4.32,synthetic
Food,417.52,115.21,Low,Truck,9.16,10.84,synthetic
Fragile,470.53,18.92,High,Truck,8.83,9.14,synthetic
Fragile,212.61,24.99,Critical,Truck,4.33,4.21,synthetic
Electronics,473.14,4.03,Medium,Truck,10.58,10.92,synthetic
Documents,181.32,5.77,High,Van,4.03,3.64,synthetic
Documents,120.62,357.09,Low,Truck,2.28,2.7,synthetic
Fragile,57.55,36.43,Medium,Van,1.31,1.26,synthetic
Other,217.39,164.36,Medium,Truck,4.32,4.39,synthetic
Documents,141.66,29.0,Low,Air,0.25,0.3,synthetic
Fragile,438.83,31.68,Medium,Truck,9.16,10.76,synthetic
Fragile,338.52,119.72,Low,Truck,7.64,10.08,synthetic
Industrial,215.61,26.95,High,Truck,4.89,4.6,synthetic
Electronics,106.76,20.3,Medium,Train,1.65,1.17,synthetic
Food,162.62,24.29,High,Van,4.07,3.62,synthetic
Documents,170.15,194.79,High,Truck,3.22,3.48,synthetic
Fragile,276.55,18.28,High,Truck,6.03,6.12,synthetic
Electronics,128.57,16.79,High,Van,3.5,2.62,synthetic
Other,138.14,21.71,High,Van,3.1,3.04,synthetic
Apparel,146.75,2.15,High,Van,3.71,3.65,synthetic
Fragile,180.29,37.6,High,Van,4.19,4.31,synthetic
Documents,491.68,37.06,Critical,Truck,11.24,9.33,synthetic
Fragile,190.2,5.31,Critical,Van,5.11,4.89,synthetic
Pharmaceutical,430.78,23.3,Medium,Truck,9.43,11.51,synthetic
Fragile,426.64,33.1,Low,Truck,9.58,13.42,synthetic
Apparel,44.88,16.67,Medium,Van,1.14,2.1,synthetic
Food,184.51,9.14,Critical,Van,4.31,3.63,synthetic
Documents,1118.03,42.69,Critical,Air,1.7,1.21,synthetic
Other,586.89,13.36,High,Truck,12.51,11.87,synthetic
Pharmaceutical,165.03,88.84,Medium,Train,2.62,3.34,synthetic
Electronics,153.07,60.47,Medium,Van,3.77,4.27,synthetic
Pharmaceutical,555.24,46.91,Medium,Truck,11.27,13.74,synthetic
Apparel,161.66,27.84,Medium,Van,3.47,4.08,synthetic
Other,474.52,24.76,High,Truck,9.19,8.85,synthetic
Food,281.98,211.21,High,Truck,5.87,5.55,synthetic
Electronics,474.57,7.94,Medium,Truck,11.37,12.33,synthetic
Industrial,81.84,30.38,High,Van,1.85,1.77,synthetic
Food,102.22,8.25,High,Van,2.63,2.05,synthetic
Other,412.84,214.95,Medium,Truck,9.52,10.55,synthetic
Food,215.11,134.88,Low,Truck,5.12,6.01,synthetic
Documents,552.03,35.09,High,Train,9.28,8.78,synthetic
Industrial,331.23,5.29,Medium,Truck,6.96,7.3,synthetic
Food,83.49,124.92,Low,Truck,1.83,2.3,synthetic
Industrial,167.13,23.51,High,Van,4.27,4.1,synthetic
Pharmaceutical,69.93,12.35,Medium,Van,1.63,2.07,synthetic
Fragile,77.81,11.62,Critical,Van,2.04,1.79,synthetic
Fragile,211.28,8.01,Critical,Truck,5.05,4.06,synthetic
Other,237.16,8.48,Critical,Truck,4.57,4.44,synthetic
Fragile,303.89,108.53,Medium,Truck,5.86,6.85,synthetic
Documents,141.39,34.89,Critical,Van,3.57,3.13,synthetic
Electronics,144.49,52.62,Medium,Van,3.62,4.0,synthetic
Documents,333.53,465.99,Low,Truck,7.35,9.16,synthetic
Fragile,259.3,11.36,High,Truck,4.93,4.52,synthetic
Industrial,100.51,6.15,Low,Van,2.65,3.13,synthetic
Other,180.66,74.86,Low,Van,4.55,5.53,synthetic
Fragile,253.88,37.68,High,Truck,5.05,5.16,synthetic
Electronics,93.93,5.87,Low,Van,2.36,2.17,synthetic
Other,249.96,21.6,High,Truck,5.51,5.52,synthetic
Food,116.81,23.82,Critical,Van,2.9,2.77,synthetic
Documents,268.35,33.09,Low,Truck,6.01,6.78,synthetic
Electronics,213.28,4.98,Low,Truck,4.63,5.1,synthetic
Electronics,82.74,47.81,Medium,Van,2.13,2.1,synthetic
Electronics,178.37,192.62,Low,Truck,4.25,5.79,synthetic
Apparel,143.84,117.87,High,Bike,6.37,5.8,synthetic
Fragile,394.26,10.48,High,Truck,8.35,8.64,synthetic
Apparel,167.92,78.47,Critical,Van,3.68,3.02,synthetic
Documents,315.39,13.2,Low,Air,0.48,0.33,synthetic
Food,64.92,14.64,Low,Van,1.76,2.55,synthetic
Apparel,133.83,251.0,Medium,Truck,2.57,3.55,synthetic
Industrial,112.01,106.91,Critical,Truck,2.52,1.65,synthetic
Food,71.09,31.9,High,Van,1.52,1.66,synthetic
Food,507.15,6.62,High,Truck,12.01,10.94,synthetic
Industrial,131.2,224.88,Critical,Truck,2.8,2.22,synthetic
Other,71.82,64.2,High,Van,1.9,1.99,synthetic
Apparel,84.46,9.38,Medium,Van,1.91,1.87,synthetic
Apparel,199.37,17.78,High,Van,5.34,4.85,synthetic
Apparel,279.02,149.15,Medium,Truck,6.63,7.37,synthetic
Industrial,235.12,52.98,High,Truck,4.64,3.89,synthetic
Food,305.55,38.77,Medium,Truck,6.18,6.26,synthetic
Apparel,147.73,6.33,Low,Van,3.75,4.09,synthetic
Documents,39.78,88.84,Medium,Truck,0.89,0.72,synthetic
Documents,197.8,11.26,Critical,Van,4.25,3.55,synthetic
Documents,69.13,16.87,Medium,Van,1.87,2.21,synthetic
Documents,155.65,91.25,Low,Truck,3.3,4.4,synthetic
Food,898.02,25.93,Medium,Truck,20.09,21.65,synthetic
Industrial,250.1,43.57,High,Truck,4.72,4.2,synthetic
Other,57.05,15.39,Medium,Van,1.32,1.59,synthetic
Food,95.53,64.38,Low,Van,2.22,2.59,synthetic
Documents,125.03,13.21,Medium,Van,2.83,3.12,synthetic
Other,713.01,45.38,Critical,Truck,15.41,13.04,synthetic
Industrial,64.76,131.49,Low,Truck,1.25,1.2,synthetic
Fragile,262.55,96.64,Low,Truck,5.59,7.79,synthetic
Electronics,190.32,20.74,High,Van,5.17,4.91,synthetic
Documents,142.48,10.68,High,Van,3.57,2.99,synthetic
Fragile,237.73,113.51,Critical,Truck,4.54,4.65,synthetic
Apparel,246.5,73.31,High,Truck,5.82,5.62,synthetic
Documents,113.67,40.27,Medium,Van,2.84,2.68,synthetic
Industrial,261.58,10.19,Critical,Air,0.46,0.92,synthetic
Other,370.63,22.98,Medium,Truck,7.52,7.6,synthetic
Fragile,661.33,5.08,Medium,Truck,15.68,18.01,synthetic
Fragile,181.46,3.34,High,Van,4.11,4.25,synthetic
Fragile,205.26,13.71,High,Truck,4.46,4.77,synthetic
Industrial,211.06,5.76,Medium,Truck,4.44,4.96,synthetic
Food,258.69,18.98,Medium,Truck,5.1,5.64,synthetic
Other,826.16,5.96,Critical,Truck,15.97,13.43,synthetic
Documents,76.84,22.24,Critical,Van,1.8,1.58,synthetic
Fragile,166.19,89.98,Low,Truck,3.72,5.5,synthetic
Apparel,220.63,152.09,Low,Truck,5.08,6.01,synthetic
Documents,197.21,6.25,Low,Truck,3.98,4.49,synthetic
Other,284.17,168.29,Low,Truck,6.8,8.36,synthetic
Food,180.83,30.32,Medium,Van,4.61,5.29,synthetic
Industrial,246.84,16.32,Critical,Truck,5.56,4.24,synthetic
Pharmaceutical,105.85,24.71,Medium,Van,2.45,2.97,synthetic
Food,110.88,49.79,High,Van,3.01,3.32,synthetic
Other,427.86,101.13,Low,Truck,9.97,11.98,synthetic
Food,39.77,54.09,Medium,Van,1.02,1.04,synthetic
Fragile,79.96,1.61,Critical,Van,2.0,1.56,synthetic
Other,229.12,15.36,Medium,Truck,5.02,5.28,synthetic
Documents,160.58,20.23,Medium,Van,3.69,4.54,synthetic
Food,244.33,75.5,Critical,Truck,4.72,3.84,synthetic
Electronics,158.03,81.48,Low,Truck,2.97,4.16,synthetic
Fragile,109.8,14.66,Low,Van,2.59,3.54,synthetic
Other,174.05,2.23,Medium,Van,4.52,4.36,synthetic
Food,151.34,170.84,Medium,Truck,3.54,3.46,synthetic
Other,156.34,24.37,Low,Van,3.61,4.59,synthetic
Apparel,169.31,36.5,High,Van,4.45,4.24,synthetic
Food,85.79,5.1,Low,Van,2.28,1.92,synthetic
Apparel,102.04,90.48,Medium,Truck,2.26,2.92,synthetic
Other,46.52,5.73,Critical,Air,0.07,0.3,synthetic
Pharmaceutical,241.07,15.46,Medium,Truck,5.22,5.61,synthetic
Fragile,283.88,37.84,Medium,Truck,6.03,7.07,synthetic
Documents,354.12,33.81,High,Truck,7.52,7.36,synthetic
Pharmaceutical,190.65,326.31,Medium,Truck,4.18,5.05,synthetic
Pharmaceutical,234.21,226.54,Low,Train,3.92,5.1,synthetic
Food,370.89,4.0,Critical,Truck,8.73,7.42,synthetic
Pharmaceutical,124.62,16.04,Medium,Van,3.28,3.51,synthetic
Apparel,560.85,24.28,Medium,Truck,12.76,12.73,synthetic
Industrial,139.39,11.2,Medium,Van,3.65,3.93,synthetic
Electronics,191.63,43.2,Medium,Van,4.17,4.14,synthetic
Other,403.33,95.13,High,Truck,8.14,7.64,synthetic
Other,70.71,20.39,Medium,Van,1.86,2.42,synthetic
Pharmaceutical,321.45,14.52,High,Truck,6.98,7.64,synthetic
Electronics,48.86,102.09,Critical,Truck,1.01,0.3,synthetic
Other,468.17,15.34,Low,Truck,9.4,11.5,synthetic
Food,188.58,142.78,Critical,Truck,3.66,3.88,synthetic
Pharmaceutical,321.09,34.78,Medium,Truck,6.94,7.45,synthetic
Other,127.76,19.79,Low,Van,3.2,4.23,synthetic
Apparel,33.48,13.01,Medium,Van,0.75,1.22,synthetic
Other,163.97,14.99,Medium,Van,3.59,3.5,synthetic
Documents,221.02,77.37,Medium,Truck,4.48,4.68,synthetic
Pharmaceutical,133.08,197.71,Critical,Truck,2.84,2.28,synthetic
Food,150.58,5.05,Critical,Van,3.66,3.32,synthetic
Apparel,59.6,5.45,Medium,Van,1.35,1.57,synthetic
Food,212.88,23.05,Medium,Truck,4.06,4.22,synthetic
Apparel,134.55,31.51,High,Van,2.93,2.79,synthetic
Other,227.1,36.24,High,Truck,4.64,4.08,synthetic
Other,166.67,18.14,Medium,Van,3.58,3.99,synthetic
Documents,141.71,9.67,Critical,Van,3.71,3.07,synthetic
Pharmaceutical,125.43,38.29,High,Van,2.97,2.88,synthetic
Other,273.62,93.68,Low,Truck,5.47,6.56,synthetic
Industrial,43.24,62.44,High,Van,0.93,0.36,synthetic
Documents,125.87,138.73,Medium,Truck,2.6,3.26,synthetic
Apparel,73.91,14.83,Critical,Van,1.79,1.28,synthetic
Industrial,189.9,124.9,High,Truck,4.1,4.82,synthetic
Apparel,141.11,18.09,Low,Van,3.49,4.28,synthetic
Documents,376.46,30.86,Critical,Truck,7.9,6.13,synthetic
Electronics,141.79,6.47,High,Van,3.28,3.82,synthetic
Food,231.16,31.26,Critical,Truck,4.93,4.6,synthetic
Industrial,281.36,24.0,Medium,Truck,5.4,6.1,synthetic
Pharmaceutical,156.76,32.69,Medium,Van,4.05,4.64,synthetic
Electronics,82.23,27.91,Medium,Van,1.94,2.11,synthetic
Food,57.43,26.85,Critical,Van,1.36,1.0,synthetic
Electronics,111.78,63.13,Medium,Van,2.73,2.54,synthetic
Fragile,303.69,42.75,Low,Truck,7.07,9.18,synthetic
Fragile,135.74,60.23,Low,Van,2.97,3.45,synthetic
Electronics,46.65,15.34,High,Van,1.13,1.19,synthetic
Fragile,88.78,7.72,Low,Van,1.96,2.74,synthetic
Fragile,158.83,23.7,Medium,Van,3.61,4.36,synthetic
Pharmaceutical,256.21,15.57,Low,Truck,5.06,6.72,synthetic
Food,573.82,43.5,High,Truck,12.24,11.43,synthetic
Fragile,537.1,5.91,High,Truck,12.1,12.39,synthetic
Other,384.28,11.15,Critical,Truck,7.41,6.29,synthetic
Industrial,80.55,18.22,Medium,Van,2.05,1.93,synthetic
Industrial,186.92,16.38,Medium,Van,4.95,5.29,synthetic
Food,295.11,13.0,Medium,Truck,5.73,6.11,synthetic
Pharmaceutical,230.93,131.36,Medium,Truck,5.51,6.71,synthetic
Apparel,141.84,54.89,Critical,Van,3.07,3.02,synthetic
Food,172.1,14.66,Critical,Van,4.26,2.95,synthetic
Documents,34.93,30.44,High,Van,0.84,1.06,synthetic
Documents,87.54,3.39,High,Van,2.1,2.34,synthetic
Other,63.32,9.43,Medium,Van,1.7,2.38,synthetic
Food,98.89,8.95,High,Van,2.62,2.68,synthetic
Apparel,181.06,52.94,High,Van,4.59,4.03,synthetic
Other,101.98,15.0,Critical,Van,2.62,2.25,synthetic
Fragile,101.57,27.54,High,Van,2.26,2.72,synthetic
Fragile,172.3,38.59,Medium,Van,4.59,5.39,synthetic
Pharmaceutical,121.16,18.26,Medium,Van,2.71,3.19,synthetic
Food,131.29,40.7,Low,Van,2.85,3.4,synthetic
Documents,161.11,3.61,High,Van,3.48,2.84,synthetic
Electronics,82.0,11.22,Critical,Van,1.99,1.57,synthetic
Pharmaceutical,107.11,19.74,Medium,Van,2.73,3.69,synthetic
Food,69.01,18.78,High,Air,0.11,0.71,synthetic
Documents,1145.41,27.27,Low,Truck,23.03,27.01,synthetic
Electronics,54.12,13.7,Critical,Van,1.27,1.43,synthetic
Industrial,201.11,31.95,Low,Truck,4.75,6.01,synthetic
Electronics,195.48,31.5,Low,Van,4.5,5.84,synthetic
Electronics,541.62,6.14,Critical,Truck,11.21,9.4,synthetic
Food,174.39,10.1,High,Van,3.88,3.58,synthetic
Apparel,125.13,8.29,Low,Van,3.22,4.49,synthetic
Documents,150.52,22.71,Critical,Van,4.03,3.78,synthetic
Apparel,317.59,9.68,Medium,Truck,6.9,7.79,synthetic
Apparel,69.57,8.67,Low,Van,1.9,1.9,synthetic
Food,185.3,8.58,Critical,Van,4.93,3.74,synthetic
Pharmaceutical,233.95,24.99,Critical,Truck,4.59,4.88,synthetic
Apparel,134.96,61.74,Low,Van,3.6,5.31,synthetic
Pharmaceutical,213.41,33.08,High,Bike,10.58,10.88,synthetic
Fragile,128.85,226.93,Critical,Truck,2.44,2.11,synthetic
Pharmaceutical,243.1,7.92,Medium,Truck,5.18,5.83,synthetic
Pharmaceutical,93.57,74.38,Medium,Van,2.18,2.36,synthetic
Documents,190.29,7.35,Medium,Van,4.31,4.75,synthetic
Industrial,178.26,33.08,Medium,Van,4.36,4.28,synthetic
Other,156.43,12.69,Medium,Train,2.27,2.7,synthetic
Documents,229.4,18.48,High,Truck,5.1,3.91,synthetic
Fragile,161.88,32.82,High,Van,3.59,3.68,synthetic
Documents,478.39,137.23,Medium,Truck,9.09,9.53,synthetic
Other,65.84,23.41,Medium,Van,1.47,1.64,synthetic
Pharmaceutical,127.13,23.16,Medium,Train,2.1,2.24,synthetic
Other,156.14,17.44,Critical,Van,3.61,3.21,synthetic
Documents,60.16,99.36,Medium,Truck,1.42,1.62,synthetic
Industrial,216.03,78.7,Critical,Truck,5.04,4.08,synthetic
Food,559.94,32.29,Medium,Truck,13.4,14.74,synthetic
Fragile,142.51,32.94,Medium,Bike,7.11,8.01,synthetic
Documents,18.54,16.75,High,Van,0.5,0.46,synthetic
Electronics,224.37,35.43,Medium,Truck,4.32,4.72,synthetic
Electronics,33.16,244.19,Low,Truck,0.71,0.39,synthetic
Industrial,111.53,44.13,Critical,Van,3.05,2.01,synthetic
Industrial,176.12,15.37,Critical,Van,4.33,3.96,synthetic
Fragile,148.8,18.39,Low,Van,3.56,4.98,synthetic
Industrial,96.69,37.63,High,Van,2.64,2.62,synthetic
Other,504.13,54.52,Critical,Truck,9.68,7.76,synthetic
Electronics,513.33,40.25,Critical,Truck,11.39,9.82,synthetic
Electronics,94.69,0.78,Medium,Van,2.06,2.39,synthetic
Pharmaceutical,614.81,95.58,High,Truck,14.33,15.56,synthetic
Other,73.51,376.34,High,Truck,1.59,1.38,synthetic
Food,136.0,22.02,Medium,Van,2.96,2.74,synthetic
Other,427.8,323.92,High,Truck,8.35,7.74,synthetic
Food,178.51,4.13,Medium,Van,4.47,4.82,synthetic
Industrial,282.26,4.37,High,Truck,6.1,5.96,synthetic
Fragile,458.27,26.8,Critical,Truck,9.82,9.16,synthetic
Other,285.31,9.31,Low,Truck,5.93,7.14,synthetic
Apparel,63.61,34.29,Critical,Van,1.44,0.72,synthetic
Apparel,242.66,9.31,Low,Truck,5.75,6.38,synthetic
Other,463.01,6.03,Medium,Truck,9.73,10.15,synthetic
Apparel,159.13,1.84,Medium,Van,3.79,4.24,synthetic
Apparel,150.08,71.85,Critical,Van,3.97,3.74,synthetic
Pharmaceutical,68.25,21.48,Low,Van,1.47,1.53,synthetic
Fragile,526.52,32.23,High,Truck,10.74,11.35,synthetic
Electronics,494.12,26.88,Medium,Truck,11.82,11.92,synthetic
Electronics,102.19,232.22,High,Truck,2.1,2.33,synthetic
Fragile,516.31,4.71,Medium,Truck,11.18,13.14,synthetic
Fragile,251.06,19.64,Medium,Truck,5.28,6.29,synthetic
Industrial,119.1,103.19,High,Truck,2.25,2.37,synthetic
Documents,358.4,23.83,Critical,Truck,7.04,5.42,synthetic
Industrial,221.4,25.74,Medium,Truck,5.3,5.24,synthetic
Industrial,379.28,45.43,Low,Truck,7.66,8.95,synthetic
Electronics,160.56,83.31,Medium,Truck,3.77,3.54,synthetic
Apparel,120.68,7.79,Critical,Van,2.73,2.58,synthetic
Other,149.05,57.8,Medium,Van,3.54,4.48,synthetic
Other,68.32,3.69,Low,Van,1.57,1.78,synthetic
Electronics,327.13,25.77,Medium,Truck,6.68,7.55,synthetic
Pharmaceutical,223.84,20.09,High,Truck,4.93,5.1,synthetic
Pharmaceutical,181.58,214.14,Medium,Truck,3.41,4.13,synthetic
Electronics,120.08,28.8,High,Truck,2.59,2.54,synthetic
Apparel,543.63,39.05,Low,Truck,12.68,15.42,synthetic
Electronics,110.72,40.51,Medium,Bike,5.67,5.91,synthetic
Other,533.31,41.02,Medium,Truck,11.38,11.73,synthetic
Fragile,266.99,48.32,High,Truck,5.68,6.13,synthetic
Electronics,107.55,17.89,Critical,Truck,2.43,2.19,synthetic
Documents,259.73,201.23,Critical,Truck,4.91,3.91,synthetic
Fragile,177.47,90.45,Critical,Truck,3.43,3.65,synthetic
Apparel,104.77,30.76,Medium,Van,2.4,1.96,synthetic
Pharmaceutical,116.25,105.06,Critical,Truck,2.18,2.4,synthetic
Fragile,576.06,18.7,Medium,Train,9.18,11.1,synthetic
Electronics,157.45,28.23,Medium,Van,3.83,3.94,synthetic
Industrial,234.79,17.56,Medium,Truck,4.62,5.14,synthetic
Other,31.67,99.76,High,Truck,0.74,0.94,synthetic
Apparel,487.59,70.7,Medium,Truck,10.18,10.01,synthetic
Apparel,417.02,51.57,Medium,Van,11.29,11.69,synthetic
Fragile,619.66,5.86,Critical,Truck,11.93,11.07,synthetic
Apparel,141.21,8.79,Medium,Van,3.48,3.62,synthetic
Fragile,263.22,14.72,High,Truck,5.79,6.86,synthetic
Apparel,233.46,9.86,Medium,Truck,5.06,6.15,synthetic
Fragile,142.11,1.84,Low,Van,3.07,4.14,synthetic
Food,125.06,68.97,Medium,Van,2.73,2.98,synthetic
Food,134.41,192.67,Critical,Truck,2.84,2.14,synthetic
Apparel,390.55,66.37,Low,Truck,8.64,9.82,synthetic
Electronics,112.69,10.6,Low,Van,2.65,3.75,synthetic
Pharmaceutical,138.3,25.78,Medium,Van,3.64,4.17,synthetic
Apparel,336.99,81.2,High,Truck,7.97,7.45,synthetic
Food,506.04,73.88,Medium,Truck,9.98,11.17,synthetic
Other,536.33,14.0,High,Truck,12.19,10.79,synthetic
Electronics,106.31,13.09,Low,Van,2.36,2.55,synthetic
Electronics,215.52,20.67,Medium,Truck,4.45,4.64,synthetic
Pharmaceutical,299.8,22.89,Low,Truck,5.63,7.54,synthetic
Industrial,183.43,2.8,High,Van,4.34,4.05,synthetic
Documents,386.35,5.71,High,Truck,8.84,8.95,synthetic
Documents,159.99,274.89,High,Truck,3.16,3.29,synthetic
Fragile,212.79,11.78,Medium,Truck,4.94,5.65,synthetic
Fragile,419.97,59.27,Low,Truck,9.09,12.04,synthetic
Fragile,274.2,47.62,Medium,Truck,5.82,6.76,synthetic
Industrial,65.05,5.05,Low,Van,1.72,2.02,synthetic
Electronics,93.39,17.31,High,Van,2.14,1.44,synthetic
Apparel,235.89,65.1,High,Truck,4.67,3.63,synthetic
Apparel,392.35,42.95,Low,Truck,8.81,10.59,synthetic
Pharmaceutical,129.92,15.66,Critical,Van,2.92,2.83,synthetic
Other,126.21,68.48,Critical,Van,3.43,2.97,synthetic
Apparel,157.6,50.21,Critical,Van,3.69,2.78,synthetic
Fragile,244.71,17.38,High,Truck,5.67,6.22,synthetic
Food,156.6,30.23,Medium,Train,2.38,2.87,synthetic
Fragile,43.89,64.46,High,Van,1.06,1.01,synthetic
Electronics,120.45,80.03,High,Truck,2.43,3.2,synthetic
Fragile,86.98,20.63,High,Van,2.34,2.33,synthetic
Apparel,149.1,7.48,Medium,Van,3.43,3.76,synthetic
Electronics,412.78,75.49,Low,Truck,9.71,12.13,synthetic
Documents,467.25,15.52,High,Truck,11.11,10.55,synthetic
Industrial,157.15,11.55,High,Van,4.16,3.56,synthetic
Documents,105.13,13.27,Critical,Van,2.64,1.83,synthetic
Pharmaceutical,67.6,157.14,Medium,Truck,1.28,1.69,synthetic
Food,199.48,5.89,Medium,Van,5.42,6.33,synthetic
Documents,92.71,33.31,Medium,Van,2.5,1.76,synthetic
Food,69.88,85.26,Low,Truck,1.38,2.0,synthetic
Industrial,249.84,21.67,Critical,Truck,5.64,4.77,synthetic
Electronics,480.58,4.23,Medium,Truck,9.64,9.88,synthetic
Apparel,163.32,3.28,Medium,Train,2.66,2.8,synthetic
Food,164.49,6.6,Medium,Van,4.1,4.21,synthetic
Other,240.54,60.73,Medium,Truck,4.8,5.33,synthetic
Documents,112.95,2.41,Medium,Van,2.56,2.72,synthetic
Apparel,100.13,2.85,Medium,Van,2.38,2.35,synthetic
Food,335.94,8.47,Low,Truck,6.54,7.52,synthetic
Pharmaceutical,104.76,5.74,Medium,Bike,4.98,5.96,synthetic
Pharmaceutical,43.29,9.46,Medium,Van,0.97,1.34,synthetic
Documents,68.48,24.98,High,Van,1.64,0.87,synthetic
Electronics,649.09,532.04,Medium,Truck,13.42,15.74,synthetic
Other,376.22,9.74,Medium,Truck,7.51,7.57,synthetic
Electronics,140.56,5.87,Medium,Van,3.45,3.59,synthetic
Documents,142.56,109.41,High,Truck,3.21,3.41,synthetic
Industrial,148.04,30.8,Medium,Van,3.49,3.9,synthetic
Fragile,246.22,2.39,Low,Truck,4.91,6.0,synthetic
Documents,211.57,112.86,High,Truck,4.06,3.23,synthetic
Apparel,199.47,30.44,High,Van,4.99,4.82,synthetic
Other,345.3,20.8,Low,Truck,8.1,9.84,synthetic
Industrial,107.54,31.06,Low,Van,2.4,3.61,synthetic
Fragile,146.45,11.82,Medium,Train,2.3,2.56,synthetic
Food,372.0,25.19,High,Truck,7.75,6.99,synthetic
Documents,110.86,66.32,Low,Van,2.88,3.32,synthetic
Electronics,94.64,33.27,Medium,Bike,4.57,4.85,synthetic
Industrial,177.6,167.14,Critical,Truck,4.25,3.82,synthetic
Documents,151.15,2.4,Medium,Van,3.45,3.42,synthetic
Food,59.02,7.76,Critical,Van,1.4,1.34,synthetic
Documents,156.75,11.61,High,Van,4.26,4.48,synthetic
Industrial,83.69,16.73,Medium,Van,2.18,2.47,synthetic
Electronics,981.57,13.77,Low,Truck,20.15,24.02,synthetic
Electronics,185.26,13.93,Medium,Van,4.07,4.55,synthetic
Fragile,138.72,7.65,Medium,Van,3.48,4.12,synthetic
Other,153.78,14.1,Critical,Van,3.99,3.42,synthetic
Apparel,267.87,9.6,Medium,Truck,5.39,5.66,synthetic
Fragile,214.58,66.62,Critical,Truck,5.0,5.11,synthetic
Industrial,148.01,26.8,Medium,Van,3.46,3.55,synthetic
Other,71.47,323.01,Medium,Air,0.12,0.34,synthetic
Electronics,330.22,19.72,Low,Truck,7.67,9.42,synthetic
Fragile,710.84,187.46,High,Truck,16.15,17.51,synthetic
Electronics,523.67,103.38,Medium,Truck,12.17,13.37,synthetic
Documents,432.83,10.25,Low,Truck,9.58,11.45,synthetic
Documents,72.1,88.08,Critical,Truck,1.67,1.5,synthetic
Fragile,455.11,45.94,Low,Truck,10.84,15.33,synthetic
Fragile,316.22,24.39,Critical,Truck,6.96,5.67,synthetic
Industrial,106.1,67.56,Low,Van,2.84,3.71,synthetic
Fragile,243.32,75.0,Low,Truck,5.82,7.67,synthetic
Fragile,339.45,69.12,Low,Truck,7.82,9.92,synthetic
Documents,67.33,16.54,Low,Van,1.73,2.28,synthetic
Other,206.63,83.24,Critical,Truck,4.26,3.59,synthetic
Fragile,318.28,11.45,Medium,Truck,6.34,7.66,synthetic
Pharmaceutical,282.73,12.07,High,Truck,5.54,6.16,synthetic
Other,236.5,5.02,Critical,Truck,5.21,3.92,synthetic
Other,180.72,5.19,Medium,Van,4.71,5.02,synthetic
Food,135.89,14.94,Medium,Van,3.08,3.34,synthetic
Apparel,516.81,110.55,Medium,Truck,12.23,13.35,synthetic
Documents,482.66,10.51,Medium,Truck,9.39,10.53,synthetic
Other,51.04,28.76,High,Van,1.25,1.19,synthetic
Industrial,167.1,36.69,Medium,Van,4.14,4.35,synthetic
Electronics,449.87,35.48,Medium,Truck,10.75,11.16,synthetic
Electronics,166.11,6.03,Medium,Van,3.64,3.58,synthetic
Apparel,88.98,235.36,High,Truck,2.0,2.0,synthetic
Apparel,289.18,221.71,Low,Truck,6.54,8.62,synthetic
Food,119.95,84.65,Medium,Truck,2.73,2.71,synthetic
Other,574.75,7.36,Low,Truck,13.15,15.4,synthetic
Apparel,250.38,26.23,Critical,Train,3.5,2.3,synthetic
Pharmaceutical,132.89,35.68,High,Van,3.51,3.69,synthetic
Pharmaceutical,528.55,53.46,Low,Truck,12.2,16.04,synthetic
Other,196.22,17.9,Medium,Van,4.25,4.21,synthetic
Documents,78.0,72.38,High,Van,1.81,1.88,synthetic
Industrial,84.5,50.45,Medium,Bike,3.49,3.56,synthetic
Fragile,53.36,26.24,Medium,Van,1.36,1.79,synthetic
Pharmaceutical,625.41,8.13,Medium,Truck,12.19,14.44,synthetic
Documents,215.69,2.38,High,Truck,4.85,4.31,synthetic
Electronics,622.19,32.84,High,Truck,13.78,12.69,synthetic
Apparel,232.19,64.57,Medium,Van,5.62,5.74,synthetic
Food,126.32,11.57,High,Van,2.92,2.76,synthetic
Industrial,84.25,13.81,Medium,Van,2.05,1.97,synthetic
Electronics,317.54,43.72,Medium,Truck,6.96,7.0,synthetic
Apparel,184.81,11.72,High,Van,4.71,4.05,synthetic
Food,227.03,30.77,Critical,Truck,4.6,3.69,synthetic
Apparel,200.62,4.41,Low,Truck,4.75,5.62,synthetic
Industrial,556.7,4.36,High,Truck,10.52,9.87,synthetic
Apparel,150.73,109.03,Medium,Truck,3.56,3.76,synthetic
Food,282.38,131.81,Medium,Truck,5.48,5.62,synthetic
Industrial,136.95,3.33,High,Van,3.27,2.38,synthetic
Fragile,258.32,189.78,Medium,Truck,4.9,6.32,synthetic
Food,86.02,27.3,Critical,Van,2.15,2.22,synthetic
Documents,48.15,19.17,Medium,Van,1.19,1.37,synthetic
Documents,134.75,134.23,Low,Truck,2.71,3.71,synthetic
Apparel,287.75,52.14,Medium,Truck,5.95,5.89,synthetic
Other,128.37,30.8,Medium,Van,3.31,3.65,synthetic
Electronics,291.06,9.83,High,Truck,5.46,5.18,synthetic
Other,63.37,167.39,Low,Truck,1.2,1.24,synthetic
Electronics,175.69,149.63,Low,Truck,3.33,4.5,synthetic
Electronics,340.67,65.29,Medium,Train,5.43,5.47,synthetic
Industrial,234.34,19.08,Critical,Truck,4.78,3.56,synthetic
Food,105.36,9.31,Medium,Van,2.78,3.63,synthetic
Fragile,295.94,72.59,Medium,Truck,6.84,8.74,synthetic
Other,99.78,3.8,Critical,Van,2.2,1.74,synthetic
Food,780.61,661.59,Medium,Train,12.68,15.19,synthetic
Apparel,212.69,33.93,Critical,Truck,4.28,3.8,synthetic
Fragile,69.11,36.6,High,Van,1.64,1.57,synthetic
Industrial,161.3,87.93,Low,Truck,3.45,4.2,synthetic
Documents,328.47,72.96,Medium,Truck,6.49,6.73,synthetic
Fragile,211.6,10.46,Medium,Truck,4.08,4.54,synthetic
Fragile,86.93,56.18,Low,Van,2.04,2.7,synthetic
Pharmaceutical,203.22,3.74,Critical,Truck,4.79,4.96,synthetic
Food,156.62,33.8,High,Van,3.64,2.97,synthetic
Apparel,107.82,20.95,High,Van,2.86,2.54,synthetic
Industrial,377.57,29.57,High,Truck,7.55,7.1,synthetic
Food,299.07,1.04,Medium,Truck,6.18,6.2,synthetic
Food,681.84,5.22,High,Truck,14.78,13.5,synthetic
Industrial,167.57,20.97,Medium,Van,3.92,4.36,synthetic
Documents,137.61,13.81,High,Van,3.6,2.66,synthetic
Documents,101.39,31.6,Low,Van,2.36,2.75,synthetic
Industrial,191.39,86.48,Medium,Truck,3.99,4.3,synthetic
Other,54.56,18.42,High,Van,1.3,1.61,synthetic
Electronics,290.76,19.66,Low,Truck,5.9,6.97,synthetic
Other,355.28,53.7,Low,Truck,8.27,10.11,synthetic
Pharmaceutical,251.68,48.18,Medium,Truck,5.66,7.25,synthetic
Documents,269.79,47.06,High,Truck,5.23,5.11,synthetic
Industrial,281.09,65.91,High,Truck,6.29,6.15,synthetic
Apparel,177.92,127.67,High,Truck,4.04,3.58,synthetic
Industrial,169.11,88.96,Medium,Truck,3.72,4.02,synthetic
Industrial,100.51,27.69,High,Van,2.4,2.52,synthetic
Documents,211.7,168.66,Medium,Truck,4.34,5.27,synthetic
Fragile,87.11,171.6,High,Truck,1.77,1.62,synthetic
Fragile,189.54,12.03,Low,Van,4.55,5.22,synthetic
Documents,313.47,35.96,Low,Truck,6.12,6.97,synthetic
Food,144.37,22.19,Medium,Van,3.13,3.38,synthetic
Other,92.42,4.25,High,Van,2.36,2.05,synthetic
Industrial,103.09,22.25,Medium,Van,2.53,2.75,synthetic
Other,81.31,19.86,Low,Van,1.93,2.81,synthetic
Food,112.63,4.17,Medium,Van,2.91,2.55,synthetic
Food,184.57,13.67,Low,Van,4.84,6.03,synthetic
Pharmaceutical,127.26,52.37,Low,Van,3.19,4.35,synthetic
Other,142.75,21.78,Medium,Van,3.63,4.08,synthetic
Apparel,176.77,4.49,Medium,Van,3.86,3.53,synthetic
Pharmaceutical,119.75,222.69,Medium,Truck,2.66,2.91,synthetic
Documents,97.51,72.79,Medium,Van,2.64,2.69,synthetic
Fragile,156.15,121.93,Medium,Bike,6.67,7.85,synthetic
Industrial,321.73,11.55,High,Bike,16.47,14.59,synthetic
Fragile,69.68,25.44,Low,Air,0.11,0.3,synthetic
Apparel,308.13,41.56,Medium,Truck,6.86,6.55,synthetic
Pharmaceutical,215.53,48.51,Medium,Truck,4.16,4.74,synthetic
Food,374.85,29.45,Medium,Truck,7.99,8.64,synthetic
Electronics,458.77,30.81,Medium,Truck,8.98,9.79,synthetic
Documents,336.56,40.31,Low,Truck,7.78,9.89,synthetic
Apparel,71.11,22.02,High,Van,1.9,1.88,synthetic
Industrial,177.58,113.64,Critical,Truck,3.63,3.34,synthetic
Industrial,370.78,10.24,Low,Truck,8.71,10.18,synthetic
Pharmaceutical,55.11,6.6,Medium,Van,1.46,1.5,synthetic
Documents,150.86,63.64,Low,Van,3.47,3.59,synthetic
Documents,200.91,8.24,Medium,Truck,4.21,4.25,synthetic
Food,404.64,229.88,Critical,Truck,8.5,7.75,synthetic
Electronics,121.2,12.87,Medium,Van,2.79,2.87,synthetic
Industrial,91.68,51.26,Medium,Van,2.13,2.45,synthetic
Food,89.52,64.23,Low,Van,2.41,2.89,synthetic
Industrial,196.52,3.59,Critical,Van,4.62,3.35,synthetic
Other,101.06,35.4,Medium,Van,2.42,2.66,synthetic
Apparel,199.67,10.63,High,Van,5.18,4.73,synthetic
Apparel,230.61,10.05,Low,Truck,4.44,4.78,synthetic
Other,214.78,26.92,High,Truck,4.61,4.94,synthetic
Industrial,141.0,7.52,Medium,Van,3.76,3.73,synthetic
Fragile,242.69,8.12,High,Truck,4.64,4.7,synthetic
Apparel,275.98,46.15,Medium,Truck,5.35,5.47,synthetic
Documents,337.79,36.17,Medium,Truck,6.51,6.72,synthetic
Other,370.14,53.49,High,Truck,8.01,7.02,synthetic
Food,335.47,238.81,Medium,Truck,7.91,9.22,synthetic
Apparel,152.63,44.31,Low,Van,3.37,4.17,synthetic
Pharmaceutical,59.44,65.86,Low,Van,1.29,1.33,synthetic
Fragile,800.34,22.48,Medium,Truck,16.46,19.18,synthetic
Fragile,95.43,34.93,Low,Truck,2.09,2.85,synthetic
Apparel,148.0,116.56,Critical,Truck,3.54,2.72,synthetic
Documents,178.05,16.5,High,Van,4.24,3.48,synthetic
Industrial,161.24,19.24,Medium,Van,3.79,3.21,synthetic
Documents,214.75,18.64,High,Truck,4.79,4.48,synthetic
Other,73.04,34.23,Critical,Van,1.65,1.61,synthetic
Food,53.72,24.13,Critical,Van,1.43,1.57,synthetic
Documents,215.71,66.08,High,Truck,5.02,4.69,synthetic
Fragile,202.55,47.06,Critical,Truck,4.4,4.14,synthetic
Other,344.04,33.17,High,Truck,8.05,7.4,synthetic
Pharmaceutical,140.85,31.49,Critical,Van,3.37,3.18,synthetic
Fragile,274.39,10.57,Medium,Truck,5.41,5.82,synthetic
Industrial,175.0,43.53,Critical,Van,3.92,2.9,synthetic
Industrial,46.91,14.92,Low,Van,1.05,1.09,synthetic
Electronics,97.46,32.49,Low,Van,2.1,2.5,synthetic
Apparel,296.47,8.05,Medium,Truck,5.77,5.88,synthetic
Pharmaceutical,36.97,45.08,Medium,Van,0.99,1.68,synthetic
Industrial,316.0,29.59,High,Truck,7.48,6.85,synthetic
Food,145.86,16.11,Medium,Van,3.14,3.1,synthetic
Other,565.65,19.44,High,Truck,12.06,11.91,synthetic
Documents,111.64,157.98,Medium,Truck,2.36,2.3,synthetic
Fragile,169.42,53.69,High,Van,3.64,4.2,synthetic
Fragile,171.93,11.76,High,Van,4.69,4.93,synthetic
Fragile,120.55,14.19,Low,Van,2.9,3.7,synthetic
Apparel,105.98,44.29,High,Van,2.63,2.76,synthetic
Pharmaceutical,140.96,24.5,High,Van,3.5,4.09,synthetic
Electronics,116.73,8.29,Medium,Van,2.83,3.38,synthetic
Electronics,305.45,28.9,High,Truck,6.54,5.78,synthetic
Food,110.94,4.22,Critical,Van,2.38,2.22,synthetic
Food,489.28,10.67,Low,Truck,11.04,13.54,synthetic
Industrial,254.55,2.73,High,Truck,5.17,5.19,synthetic
Other,120.17,7.91,Medium,Van,2.92,3.59,synthetic
Pharmaceutical,269.57,34.87,Medium,Bike,12.93,15.13,synthetic
Food,394.74,10.37,Low,Truck,9.11,10.95,synthetic
Food,164.23,1.13,Medium,Van,3.59,3.54,synthetic
Documents,114.0,9.99,Medium,Van,2.59,3.14,synthetic
Food,82.4,26.53,Low,Van,1.89,2.39,synthetic
Documents,86.67,91.14,Medium,Truck,1.74,2.0,synthetic
Food,212.52,11.07,High,Truck,5.03,4.69,synthetic
Pharmaceutical,324.78,25.6,High,Truck,7.53,8.15,synthetic
Documents,359.32,22.34,Medium,Truck,8.59,8.95,synthetic
Electronics,138.8,3.16,High,Van,3.41,3.39,synthetic
Other,80.87,86.53,Low,Truck,1.72,2.27,synthetic
Apparel,121.16,41.25,Medium,Van,2.82,2.92,synthetic
Apparel,206.79,26.13,High,Truck,4.52,4.54,synthetic
Electronics,36.88,25.66,Medium,Van,1.01,0.91,synthetic
Pharmaceutical,105.48,13.05,Medium,Van,2.78,3.57,synthetic
Industrial,189.49,127.05,Medium,Truck,3.92,4.98,synthetic
Electronics,176.51,19.48,Medium,Van,3.79,4.19,synthetic
Fragile,728.23,27.39,Medium,Truck,17.37,20.11,synthetic
Documents,242.75,5.0,Critical,Truck,4.85,4.19,synthetic
Other,77.07,73.35,Medium,Van,1.67,1.09,synthetic
Fragile,533.35,21.54,Low,Truck,12.46,16.09,synthetic
Industrial,91.44,9.82,Low,Van,2.3,3.49,synthetic
Industrial,260.05,88.74,High,Truck,4.9,4.42,synthetic
Pharmaceutical,71.09,13.14,High,Van,1.76,1.95,synthetic
Fragile,110.67,20.04,Low,Van,2.52,3.29,synthetic
Electronics,229.28,41.5,Medium,Truck,5.4,5.48,synthetic
Pharmaceutical,132.32,97.47,Medium,Truck,2.99,3.37,synthetic
Fragile,219.19,18.37,Low,Truck,4.77,6.13,synthetic
Electronics,185.04,11.67,Medium,Van,4.91,4.97,synthetic
Apparel,200.34,29.57,Medium,Truck,4.38,4.7,synthetic
Food,156.15,28.91,Low,Van,3.72,4.4,synthetic
Fragile,299.24,13.51,Critical,Truck,6.1,5.91,synthetic
Industrial,185.13,86.1,Low,Truck,4.26,4.92,synthetic
Fragile,325.84,22.53,Medium,Truck,7.14,8.05,synthetic
Industrial,71.59,8.69,Medium,Van,1.94,2.02,synthetic
Documents,78.7,281.44,Low,Truck,1.74,1.87,synthetic
Other,111.64,27.31,Medium,Van,3.02,2.68,synthetic
Fragile,249.54,15.42,High,Truck,5.52,5.59,synthetic
Industrial,341.81,56.91,High,Truck,6.82,6.48,synthetic
Other,47.94,20.7,Low,Van,1.04,0.95,synthetic
Industrial,360.22,92.2,Medium,Truck,7.19,7.27,synthetic
Other,212.11,25.41,Medium,Truck,4.64,4.63,synthetic
Pharmaceutical,109.83,12.89,High,Van,2.61,2.79,synthetic
Fragile,129.79,96.71,High,Truck,2.93,3.04,synthetic
Industrial,155.6,42.96,Critical,Van,3.62,3.11,synthetic
Food,312.48,41.98,Medium,Truck,6.54,7.15,synthetic
Electronics,259.1,34.94,Critical,Truck,5.89,5.01,synthetic
Electronics,58.74,60.24,High,Van,1.56,1.18,synthetic
Fragile,463.31,27.09,Low,Truck,10.33,13.36,synthetic
Other,113.58,4.4,Medium,Van,3.05,3.37,synthetic
Apparel,145.31,47.97,Medium,Van,3.44,4.11,synthetic
Apparel,324.93,34.85,Critical,Truck,7.38,5.98,synthetic
Apparel,530.79,11.42,High,Air,0.84,0.86,synthetic
Electronics,109.77,28.91,Low,Van,2.97,3.06,synthetic
Documents,115.84,9.08,Low,Van,3.1,3.63,synthetic
Pharmaceutical,88.24,57.42,Critical,Van,2.32,1.61,synthetic
Apparel,40.84,60.16,Low,Van,1.04,1.8,synthetic
Documents,225.93,11.12,Medium,Train,3.88,4.58,synthetic
Electronics,1596.97,108.4,Medium,Truck,30.62,32.31,synthetic
Electronics,475.38,41.92,Medium,Truck,9.26,9.71,synthetic
Pharmaceutical,97.99,36.04,Medium,Van,2.66,3.71,synthetic
Apparel,329.32,26.05,High,Truck,6.3,6.11,synthetic
Documents,74.89,36.22,Critical,Van,1.87,1.98,synthetic
Other,90.9,55.75,Medium,Van,2.08,2.21,synthetic
Industrial,236.52,15.13,Low,Truck,4.68,5.75,synthetic
Apparel,414.64,14.87,Medium,Truck,9.3,9.09,synthetic
Documents,168.13,7.43,High,Van,4.33,4.29,synthetic
Other,240.86,12.32,High,Truck,4.56,4.59,synthetic
Pharmaceutical,108.33,40.72,High,Van,2.71,2.71,synthetic
Industrial,537.39,15.62,Low,Truck,10.55,12.91,synthetic
Fragile,163.43,22.99,Medium,Van,3.53,3.93,synthetic
Industrial,63.92,2.55,Low,Van,1.75,2.17,synthetic
Pharmaceutical,807.87,214.65,Critical,Truck,18.75,18.29,synthetic
Other,293.45,25.39,Low,Air,0.46,0.3,synthetic
Apparel,141.45,16.5,Low,Van,3.14,3.33,synthetic
Food,108.43,17.72,Medium,Van,2.52,2.5,synthetic
Other,435.1,73.21,Critical,Truck,9.25,7.61,synthetic
Fragile,398.17,78.09,Critical,Train,6.97,6.41,synthetic
Fragile,218.28,42.84,Medium,Truck,4.65,5.73,synthetic
Industrial,175.4,47.21,Medium,Van,4.5,4.82,synthetic
Apparel,319.66,5.04,High,Bike,15.64,14.54,synthetic
Documents,145.65,56.97,Medium,Van,3.53,3.52,synthetic
Food,494.56,93.27,High,Truck,11.05,10.33,synthetic
Pharmaceutical,13.6,11.04,Medium,Van,0.32,0.3,synthetic
Other,130.58,110.93,Medium,Truck,2.79,2.69,synthetic
Documents,156.17,83.49,High,Truck,3.29,3.11,synthetic
Other,111.19,55.15,Medium,Van,2.58,2.33,synthetic
Food,189.51,4.63,Low,Van,4.31,4.56,synthetic
Fragile,422.27,69.51,High,Truck,8.27,8.68,synthetic
Electronics,96.17,12.58,Medium,Bike,4.4,4.65,synthetic
Food,162.62,13.6,Medium,Van,3.97,4.26,synthetic
Food,195.58,78.93,High,Van,4.42,3.59,synthetic
Apparel,394.03,36.44,High,Truck,8.85,8.44,synthetic
Pharmaceutical,38.97,20.97,High,Van,0.89,1.47,synthetic
Apparel,62.88,37.09,Medium,Van,1.46,1.96,synthetic
Industrial,172.5,2.95,Medium,Van,4.37,4.9,synthetic
Pharmaceutical,61.55,117.73,Low,Truck,1.25,1.85,synthetic
Industrial,163.25,8.63,Medium,Van,3.77,3.96,synthetic
Industrial,792.44,5.86,High,Truck,17.48,16.01,synthetic
Food,185.06,42.54,Medium,Van,4.2,4.53,synthetic
Apparel,208.29,1.38,Medium,Truck,4.67,5.11,synthetic
Fragile,392.4,117.66,Medium,Truck,9.19,10.25,synthetic
Pharmaceutical,259.99,29.02,Medium,Truck,4.97,5.79,synthetic
Apparel,248.36,6.93,Low,Truck,4.78,5.41,synthetic
Industrial,90.33,64.83,High,Van,1.98,2.32,synthetic
Pharmaceutical,366.89,127.63,Critical,Truck,8.13,7.79,synthetic
Food,59.84,31.08,Low,Van,1.35,1.23,synthetic
Other,41.91,75.17,Medium,Van,0.92,1.38,synthetic
Electronics,250.02,352.94,Low,Truck,5.19,7.57,synthetic
Other,94.13,3.89,Low,Van,2.23,2.75,synthetic
Industrial,287.86,9.84,Critical,Truck,5.83,4.45,synthetic
Pharmaceutical,333.97,29.0,Critical,Truck,7.36,6.58,synthetic
Food,311.13,113.15,High,Truck,6.36,5.91,synthetic
Pharmaceutical,72.64,14.06,Critical,Van,1.71,1.73,synthetic
Electronics,72.85,21.1,High,Van,1.73,2.46,synthetic
Industrial,452.21,106.53,Low,Truck,10.6,12.74,synthetic
Apparel,180.71,157.3,Medium,Truck,3.85,3.41,synthetic
Documents,141.35,126.69,Medium,Truck,3.08,3.23,synthetic
Food,734.49,16.66,Low,Truck,14.32,16.86,synthetic
Electronics,145.85,35.55,Low,Van,3.4,3.62,synthetic
Other,117.06,29.97,High,Van,3.03,2.98,synthetic
Apparel,731.42,2.94,Medium,Truck,15.72,16.74,synthetic
Fragile,168.08,6.65,Medium,Van,4.14,4.32,synthetic
Apparel,377.75,183.01,High,Truck,7.18,6.54,synthetic
Industrial,623.88,9.87,High,Van,16.82,15.64,synthetic
Other,70.57,125.87,Low,Truck,1.34,2.21,synthetic
Other,347.88,22.76,High,Truck,8.33,7.6,synthetic
Documents,436.47,94.06,Low,Truck,8.41,9.76,synthetic
Documents,286.94,9.79,Medium,Truck,5.88,5.99,synthetic
Industrial,97.44,77.11,High,Van,2.57,2.7,synthetic
Industrial,67.89,1.56,Medium,Van,1.48,1.12,synthetic
Documents,104.48,66.95,Critical,Van,2.83,2.77,synthetic
Documents,132.87,23.07,High,Van,3.02,2.52,synthetic
Pharmaceutical,192.12,11.97,Critical,Van,4.93,4.29,synthetic
Pharmaceutical,347.29,10.22,High,Truck,7.75,7.94,synthetic
Fragile,226.4,33.13,Medium,Truck,4.76,5.83,synthetic
Industrial,109.55,67.16,Low,Van,2.88,3.34,synthetic
Pharmaceutical,211.67,3.29,High,Truck,4.01,3.53,synthetic
Pharmaceutical,210.34,28.17,Medium,Truck,4.81,6.03,synthetic
Food,433.58,22.81,Critical,Truck,8.64,6.68,synthetic
Food,301.93,22.57,High,Truck,6.04,5.44,synthetic
Food,84.16,4.86,Critical,Van,2.15,1.64,synthetic
Pharmaceutical,180.22,26.17,Medium,Van,4.36,5.02,synthetic
Electronics,154.12,114.96,Medium,Truck,2.97,2.91,synthetic
Other,275.09,4.4,Medium,Truck,5.36,5.64,synthetic
Documents,140.63,12.14,Medium,Van,3.05,3.11,synthetic
Pharmaceutical,238.12,322.84,Critical,Truck,4.52,4.43,synthetic
Pharmaceutical,286.17,9.85,Medium,Truck,5.43,5.66,synthetic
Documents,764.33,8.89,Critical,Truck,18.26,14.38,synthetic
Fragile,264.13,139.86,Low,Truck,5.89,7.54,synthetic
Industrial,297.46,56.15,Critical,Truck,6.2,5.59,synthetic
Electronics,109.0,22.63,High,Van,2.37,1.83,synthetic
Pharmaceutical,49.31,47.17,Medium,Air,0.08,0.39,synthetic
Other,278.68,51.77,High,Truck,6.22,5.81,synthetic
Other,76.36,31.59,Medium,Van,1.81,2.88,synthetic
Other,247.51,101.53,Medium,Truck,5.88,6.67,synthetic
Other,445.06,9.61,Critical,Train,6.33,5.74,synthetic
Other,167.91,3.18,High,Van,3.6,2.97,synthetic
Industrial,753.78,19.64,Medium,Air,1.34,1.17,synthetic
Fragile,165.25,9.76,High,Air,0.27,0.37,synthetic
Other,751.25,46.09,Critical,Truck,14.57,12.02,synthetic
Food,74.84,46.26,Critical,Van,1.94,1.61,synthetic
Apparel,226.08,83.97,High,Truck,4.69,4.1,synthetic
Other,110.58,69.44,High,Van,2.81,2.4,synthetic
Other,401.51,28.3,Medium,Truck,9.37,9.83,synthetic
Apparel,75.26,112.52,High,Truck,1.6,1.04,synthetic
Documents,159.18,2.79,High,Van,4.08,3.65,synthetic
Documents,96.29,59.17,Medium,Van,2.59,3.19,synthetic
Documents,131.4,63.63,High,Van,3.01,2.73,synthetic
Other,162.94,14.48,High,Van,3.88,3.24,synthetic
Other,512.32,10.93,High,Truck,10.64,10.31,synthetic
Pharmaceutical,141.21,18.23,Critical,Van,3.28,2.84,synthetic
Pharmaceutical,142.36,72.23,High,Van,3.57,4.19,synthetic
Documents,368.0,39.68,Critical,Truck,7.22,5.83,synthetic
Pharmaceutical,99.57,8.51,High,Van,2.17,1.99,synthetic
Industrial,472.43,91.88,Medium,Truck,8.88,10.1,synthetic
Fragile,713.94,61.49,Medium,Truck,13.81,16.34,synthetic
Pharmaceutical,247.49,278.05,High,Van,5.42,6.3,synthetic
Pharmaceutical,63.16,25.14,High,Van,1.65,1.71,synthetic
Electronics,107.67,11.14,Low,Van,2.65,2.82,synthetic
Industrial,418.34,195.46,High,Truck,9.57,9.41,synthetic
Documents,187.76,23.75,High,Van,4.1,3.78,synthetic
Fragile,116.96,96.68,Critical,Truck,2.77,2.13,synthetic
Apparel,244.49,84.44,Medium,Truck,4.86,5.07,synthetic
Industrial,187.12,7.51,Medium,Van,5.0,5.94,synthetic
Apparel,245.0,19.41,Medium,Truck,5.59,6.16,synthetic
Other,65.38,49.84,High,Van,1.72,1.5,synthetic
Other,263.39,24.29,Medium,Truck,5.8,6.1,synthetic
Other,115.4,22.03,Medium,Van,3.08,3.93,synthetic
Electronics,224.89,135.21,Critical,Truck,4.51,3.63,synthetic
Food,53.13,123.2,Medium,Air,0.08,0.3,synthetic
Fragile,93.83,29.81,Medium,Van,2.52,2.85,synthetic
Other,67.73,9.75,Medium,Van,1.61,1.89,synthetic
Other,104.41,126.08,Low,Truck,2.12,2.52,synthetic
Documents,378.75,111.73,Medium,Truck,7.37,7.76,synthetic
Pharmaceutical,90.55,64.67,Medium,Air,0.15,0.3,synthetic
Food,226.28,466.57,High,Truck,5.42,5.52,synthetic
Electronics,234.91,185.58,Low,Truck,4.45,4.78,synthetic
Other,328.23,8.21,Medium,Truck,7.31,7.57,synthetic
Other,99.41,33.8,Low,Van,2.54,3.22,synthetic
Documents,308.91,13.33,Critical,Truck,6.61,5.35,synthetic
Fragile,226.83,11.08,High,Truck,4.98,5.11,synthetic
Electronics,181.93,16.72,Medium,Van,4.45,4.15,synthetic
Documents,225.55,22.53,Medium,Truck,4.76,5.2,synthetic
Pharmaceutical,256.29,19.74,Medium,Truck,5.94,7.74,synthetic
Apparel,98.64,7.17,Medium,Van,2.52,2.77,synthetic
Pharmaceutical,116.78,4.79,High,Van,2.9,2.51,synthetic
Fragile,728.82,72.04,Low,Truck,17.29,23.3,synthetic
Food,71.81,15.57,High,Van,1.89,1.4,synthetic
Other,320.33,58.84,High,Truck,6.64,6.36,synthetic
Other,92.26,170.94,Critical,Truck,2.01,1.89,synthetic
Apparel,338.27,23.02,Medium,Truck,7.92,8.72,synthetic
Fragile,165.75,7.01,Medium,Van,4.52,5.28,synthetic
Documents,250.06,55.51,High,Truck,5.12,5.04,synthetic
Pharmaceutical,200.38,1226.6,High,Truck,3.92,4.75,synthetic
Documents,264.64,9.51,Critical,Truck,5.6,5.07,synthetic
Pharmaceutical,695.74,22.79,High,Truck,16.65,16.8,synthetic
Food,155.0,103.04,Medium,Truck,3.27,3.49,synthetic
Industrial,291.37,74.68,Medium,Truck,6.81,7.16,synthetic
Food,507.91,15.06,Low,Truck,11.37,12.92,synthetic
Other,194.75,7.65,Medium,Van,4.91,5.0,synthetic
Documents,244.9,84.89,High,Truck,5.65,5.45,synthetic
Documents,200.41,6.31,High,Truck,4.44,3.92,synthetic
Other,71.55,3.08,Medium,Van,1.69,1.98,synthetic
Pharmaceutical,297.3,24.73,High,Truck,6.31,6.6,synthetic
Apparel,402.02,18.51,Low,Truck,8.78,10.65,synthetic
Industrial,1448.6,13.1,Medium,Truck,30.44,31.78,synthetic
Documents,949.06,42.19,Critical,Truck,20.94,17.47,synthetic
Other,627.36,7.09,Critical,Truck,12.62,10.18,synthetic
Documents,65.17,1.82,Critical,Van,1.5,0.76,synthetic
Food,250.66,25.07,Medium,Truck,5.16,6.06,synthetic
Electronics,77.31,48.37,High,Air,0.14,0.38,synthetic
Documents,349.09,15.68,Critical,Truck,8.2,6.64,synthetic
Industrial,153.14,14.3,Low,Van,4.19,5.65,synthetic
Industrial,228.37,3.54,Medium,Truck,5.18,5.29,synthetic
Documents,22.94,9.91,Medium,Van,0.56,1.47,synthetic
Documents,362.55,179.98,High,Truck,7.42,6.62,synthetic
Documents,265.65,95.28,Medium,Truck,6.32,6.37,synthetic
Food,473.03,18.66,Medium,Truck,8.9,9.49,synthetic
Food,210.34,4.18,Critical,Truck,4.59,3.63,synthetic
Industrial,368.07,75.62,Low,Truck,8.09,9.66,synthetic
Pharmaceutical,285.2,73.06,Low,Truck,6.15,8.34,synthetic
Other,334.14,66.49,Medium,Truck,7.96,8.36,synthetic
Other,73.25,35.2,High,Van,1.98,1.68,synthetic
Fragile,124.78,7.52,Critical,Van,3.25,3.27,synthetic
Apparel,1021.16,18.86,High,Truck,21.62,19.67,synthetic
Food,143.89,48.22,Low,Van,3.4,4.41,synthetic
Electronics,212.86,137.51,High,Truck,4.29,4.11,synthetic
Food,415.23,15.73,High,Truck,8.83,8.78,synthetic
Apparel,130.03,4.93,Low,Van,2.93,3.84,synthetic
Electronics,275.45,4.96,High,Van,6.9,6.57,synthetic
Fragile,140.36,3.56,Critical,Van,3.1,2.73,synthetic
Electronics,828.79,182.5,Critical,Truck,16.04,14.31,synthetic
Apparel,93.75,25.43,High,Van,2.52,2.38,synthetic
Documents,150.04,7.94,Medium,Van,3.82,4.12,synthetic
Other,81.99,6.69,Critical,Van,1.88,1.67,synthetic
Electronics,107.19,44.15,Medium,Van,2.78,2.68,synthetic
Other,73.81,15.8,Medium,Van,1.72,1.55,synthetic
Fragile,92.61,155.58,Critical,Truck,2.04,1.44,synthetic
Other,91.22,13.41,Low,Van,2.05,2.3,synthetic
Documents,81.89,11.33,Critical,Van,2.18,1.84,synthetic
Fragile,351.94,11.54,Low,Truck,7.1,9.21,synthetic
Other,318.07,63.39,Medium,Truck,6.24,7.11,synthetic
Pharmaceutical,303.78,12.27,Low,Truck,7.11,8.98,synthetic
Documents,45.09,14.83,Low,Van,1.15,1.46,synthetic
Food,260.88,13.34,High,Truck,6.01,5.72,synthetic
Fragile,182.37,40.74,High,Van,4.06,3.67,synthetic
Industrial,262.18,147.26,Medium,Truck,5.09,5.4,synthetic
Other,139.26,7.44,Low,Van,3.16,3.29,synthetic
Electronics,63.34,28.9,Medium,Van,1.71,1.96,synthetic
Other,351.6,15.02,Medium,Van,8.92,9.85,synthetic
Pharmaceutical,43.74,45.88,Medium,Van,1.0,1.45,synthetic
Food,579.43,122.89,Critical,Truck,12.73,10.69,synthetic
Food,176.5,137.54,Medium,Truck,3.53,3.92,synthetic
Documents,85.32,3.78,High,Van,1.83,1.4,synthetic
Documents,160.52,11.19,High,Van,3.48,3.37,synthetic
Food,78.89,23.01,Medium,Van,1.87,1.99,synthetic
Apparel,95.01,3.94,Medium,Van,2.48,2.64,synthetic
Other,229.91,10.94,High,Truck,4.51,5.04,synthetic
Pharmaceutical,471.63,95.93,Medium,Truck,10.73,12.86,synthetic
Fragile,154.97,22.01,Medium,Van,3.37,3.48,synthetic
Apparel,88.17,34.77,Critical,Van,1.94,1.99,synthetic
Other,172.7,32.31,Medium,Van,4.24,4.06,synthetic
Documents,78.32,10.3,High,Van,1.71,1.77,synthetic
Industrial,527.09,24.76,Medium,Truck,12.07,12.26,synthetic
Electronics,236.54,49.96,Medium,Truck,5.5,5.82,synthetic
Fragile,239.13,160.79,Medium,Truck,5.11,6.62,synthetic
Food,156.08,28.63,Critical,Van,3.96,3.52,synthetic
Electronics,230.74,23.39,High,Truck,5.21,4.68,synthetic
Food,359.64,33.13,High,Truck,7.78,7.18,synthetic
Pharmaceutical,112.84,8.18,Medium,Van,3.01,3.77,synthetic
Documents,345.45,7.45,Critical,Truck,8.28,6.83,synthetic
Food,231.65,34.51,High,Truck,5.01,4.75,synthetic
Industrial,132.13,10.77,Critical,Van,3.34,3.1,synthetic
Industrial,180.15,53.66,High,Van,4.44,4.29,synthetic
Pharmaceutical,193.7,17.41,Low,Van,4.77,6.36,synthetic
Other,272.45,98.96,Low,Truck,5.98,6.93,synthetic
Fragile,132.39,9.54,Critical,Van,3.57,3.04,synthetic
Apparel,75.63,4.52,Medium,Van,1.63,1.63,synthetic
Other,175.43,5.23,High,Van,4.61,3.87,synthetic
Electronics,51.46,15.0,Low,Van,1.26,1.63,synthetic
Pharmaceutical,433.17,17.25,Medium,Truck,9.34,11.02,synthetic
Industrial,213.12,15.46,Medium,Truck,4.81,5.43,synthetic
Electronics,79.35,31.17,Critical,Van,1.75,1.2,synthetic
Documents,292.98,78.55,Low,Train,4.56,5.38,synthetic
Other,95.66,13.98,Low,Van,2.37,3.11,synthetic
Pharmaceutical,110.42,19.47,Medium,Truck,2.22,2.53,synthetic
Food,456.62,25.22,Critical,Truck,9.58,7.75,synthetic
Food,309.74,10.71,High,Truck,7.02,6.38,synthetic
Industrial,26.75,138.92,Critical,Truck,0.63,0.38,synthetic
Electronics,262.92,12.22,Medium,Truck,5.42,6.04,synthetic
Documents,280.04,55.43,Medium,Truck,6.02,6.23,synthetic
Documents,310.93,3.42,Medium,Truck,6.17,6.54,synthetic
Industrial,148.35,61.16,Low,Van,3.92,4.68,synthetic
Food,85.99,7.07,Medium,Van,2.3,2.27,synthetic
Industrial,95.66,18.3,Low,Van,2.38,2.89,synthetic
Other,106.42,17.77,High,Van,2.76,2.07,synthetic
Documents,121.48,87.94,High,Truck,2.57,1.77,synthetic
Food,672.5,3.89,Medium,Truck,14.83,15.4,synthetic
Electronics,241.12,8.52,High,Truck,4.79,4.27,synthetic
Documents,136.57,13.07,High,Van,3.13,2.93,synthetic
Electronics,44.8,17.28,High,Van,1.07,0.68,synthetic
Industrial,144.18,57.8,Medium,Van,3.16,3.34,synthetic
Apparel,576.41,23.78,Low,Truck,11.79,13.75,synthetic
Apparel,201.53,50.01,Medium,Truck,4.22,4.68,synthetic
Documents,311.43,24.78,Medium,Truck,7.07,7.6,synthetic
Documents,157.15,33.53,Medium,Van,3.84,3.67,synthetic
Electronics,446.82,53.87,Medium,Truck,8.79,9.13,synthetic
Food,590.98,7.47,Medium,Truck,12.43,12.8,synthetic
Industrial,285.71,10.52,Critical,Truck,6.61,5.15,synthetic
Apparel,102.11,78.1,Medium,Van,2.51,2.37,synthetic
Industrial,403.19,79.47,Medium,Truck,7.83,8.18,synthetic
Fragile,158.2,15.5,Medium,Van,3.83,4.5,synthetic
Food,352.89,16.2,High,Truck,7.93,7.18,synthetic
Documents,219.84,12.88,Low,Truck,4.8,5.39,synthetic
Food,92.69,9.65,Medium,Van,2.47,2.38,synthetic
Pharmaceutical,849.05,93.84,Low,Truck,18.09,24.3,synthetic
Electronics,380.64,35.13,High,Truck,7.98,7.61,synthetic
Other,200.07,28.3,High,Truck,4.53,4.8,synthetic
Industrial,184.29,23.24,Critical,Van,4.5,3.43,synthetic
Other,110.06,60.06,Medium,Van,2.71,3.11,synthetic
Industrial,241.35,55.24,High,Truck,4.64,5.11,synthetic
Food,318.66,46.88,High,Truck,7.13,6.28,synthetic
Other,137.26,50.5,Low,Van,3.46,4.09,synthetic
Apparel,88.36,32.69,Medium,Van,2.19,2.52,synthetic
Pharmaceutical,100.64,37.06,High,Van,2.75,2.99,synthetic
Other,382.71,230.01,Critical,Truck,7.55,6.15,synthetic
Food,399.55,14.24,High,Truck,8.14,7.64,synthetic
Food,164.47,61.35,Low,Bike,7.31,8.73,synthetic
Industrial,426.74,18.49,Medium,Truck,8.04,8.34,synthetic
Documents,104.69,18.94,Medium,Van,2.86,3.09,synthetic
Industrial,155.32,86.34,Medium,Truck,3.55,3.54,synthetic
Pharmaceutical,374.7,80.88,Critical,Truck,8.54,8.4,synthetic
Industrial,118.83,4.73,Low,Van,3.06,3.0,synthetic
Fragile,53.69,33.09,Low,Van,1.31,1.73,synthetic
Electronics,109.99,22.6,Medium,Van,2.87,3.44,synthetic
Electronics,71.86,18.95,Low,Van,1.6,2.1,synthetic
Pharmaceutical,54.64,14.04,High,Van,1.41,1.73,synthetic
Electronics,691.83,35.39,Low,Truck,16.3,20.14,synthetic
Industrial,256.66,1.54,Low,Truck,4.94,5.85,synthetic
Electronics,44.81,52.6,Critical,Van,1.16,0.97,synthetic
Industrial,484.53,46.5,Critical,Truck,9.74,8.07,synthetic
Electronics,303.28,76.56,High,Truck,7.15,6.9,synthetic
Fragile,110.3,14.72,Medium,Van,2.52,2.34,synthetic
Other,208.38,18.83,High,Truck,4.66,4.24,synthetic
Apparel,53.57,319.11,Medium,Truck,1.22,1.35,synthetic
Other,193.22,19.76,Medium,Van,4.76,5.08,synthetic
Other,296.94,20.34,High,Truck,7.03,6.17,synthetic
Pharmaceutical,116.68,7.5,High,Van,3.03,2.69,synthetic
Other,58.7,22.3,Critical,Van,1.42,0.94,synthetic
Apparel,466.58,15.29,Medium,Truck,9.5,9.92,synthetic
Apparel,86.59,10.9,Low,Van,2.15,2.42,synthetic
Fragile,122.07,38.13,Low,Van,2.73,3.62,synthetic
Fragile,180.09,63.25,Low,Van,4.09,5.66,synthetic
Fragile,613.19,11.72,Medium,Truck,13.69,16.06,synthetic
Documents,82.18,22.49,Critical,Van,1.89,1.5,synthetic
Other,531.14,25.43,Medium,Truck,11.19,11.44,synthetic
Apparel,464.47,126.26,Critical,Truck,9.89,7.95,synthetic
Apparel,112.96,17.34,Medium,Air,0.19,0.3,synthetic
Electronics,152.28,53.65,High,Van,3.59,3.39,synthetic
Apparel,48.83,40.66,Critical,Van,1.22,1.41,synthetic
Food,299.12,47.16,Medium,Truck,5.9,5.7,synthetic
Food,160.09,58.95,Medium,Van,3.75,4.07,synthetic
Electronics,59.58,48.78,Low,Van,1.43,1.44,synthetic
Electronics,69.22,8.29,Medium,Van,1.8,1.33,synthetic
Apparel,354.59,10.03,Low,Truck,7.63,8.93,synthetic
Apparel,70.71,11.92,Medium,Van,1.72,2.11,synthetic
Fragile,93.31,17.42,Medium,Van,2.09,2.73,synthetic
Documents,232.59,23.91,Low,Truck,4.92,6.28,synthetic
Electronics,246.31,38.89,High,Truck,5.54,4.82,synthetic
Fragile,145.03,60.57,Medium,Van,3.23,4.17,synthetic
Documents,381.5,1.19,High,Truck,7.7,7.56,synthetic
Pharmaceutical,53.11,175.04,Medium,Truck,1.21,1.65,synthetic
Industrial,211.95,7.69,Medium,Truck,4.92,4.54,synthetic
Other,31.79,76.54,High,Van,0.76,0.89,synthetic
Documents,170.63,53.8,Medium,Van,4.36,3.51,synthetic
Pharmaceutical,129.18,16.19,Low,Van,3.22,3.78,synthetic
Other,226.22,41.92,Medium,Truck,4.84,5.0,synthetic
Pharmaceutical,275.96,65.28,Medium,Truck,5.19,5.81,synthetic
Apparel,149.59,11.0,High,Van,3.99,4.18,synthetic
Other,365.22,31.69,Critical,Truck,6.93,5.55,synthetic
Documents,180.47,40.83,High,Van,4.86,4.58,synthetic
Food,178.01,32.1,High,Van,4.34,4.0,synthetic
Fragile,100.07,18.91,High,Van,2.43,2.45,synthetic
Documents,110.02,24.71,Medium,Truck,2.29,2.29,synthetic
Pharmaceutical,759.68,13.3,Medium,Truck,15.6,18.27,synthetic
Other,509.92,24.34,Medium,Truck,11.54,11.92,synthetic
Electronics,254.12,20.15,Medium,Truck,5.83,5.65,synthetic
Pharmaceutical,130.44,38.38,Medium,Van,3.18,3.68,synthetic
Electronics,256.58,59.52,Critical,Truck,5.76,4.9,synthetic
Food,377.86,20.53,Medium,Truck,7.51,8.2,synthetic
Apparel,637.12,19.8,Low,Truck,14.59,17.24,synthetic
Fragile,193.47,76.05,High,Van,5.07,4.98,synthetic
Pharmaceutical,142.26,7.37,Critical,Van,3.39,3.04,synthetic
Fragile,167.05,156.82,Low,Truck,3.17,4.19,synthetic
Electronics,208.93,7.15,High,Truck,4.54,4.59,synthetic
Electronics,608.48,35.68,Critical,Truck,13.75,11.36,synthetic
Fragile,186.88,3.07,Low,Van,5.01,6.27,synthetic
Apparel,396.46,161.4,Medium,Truck,7.77,8.5,synthetic
Electronics,264.06,117.63,Critical,Truck,5.24,4.57,synthetic
Other,173.7,11.23,High,Van,4.55,3.92,synthetic
Electronics,274.08,52.76,Medium,Truck,6.12,6.37,synthetic
Other,57.56,5.29,High,Van,1.52,0.95,synthetic
Industrial,209.65,6.98,Medium,Truck,4.89,5.11,synthetic
Pharmaceutical,129.64,7.07,Medium,Van,2.94,3.33,synthetic
Pharmaceutical,100.89,25.11,Critical,Van,2.61,2.37,synthetic
Apparel,138.07,2.72,Medium,Van,2.97,3.19,synthetic
Electronics,513.58,28.5,High,Truck,9.77,8.43,synthetic
Food,86.36,23.36,Medium,Van,2.27,2.11,synthetic
Fragile,154.77,12.81,Medium,Van,3.79,4.79,synthetic
Fragile,224.96,110.04,Medium,Truck,5.16,6.43,synthetic
Food,206.2,14.33,Low,Truck,4.44,5.37,synthetic
Industrial,109.39,3.5,Low,Van,2.59,3.17,synthetic
Fragile,361.15,70.82,Low,Truck,6.98,9.55,synthetic
Electronics,220.78,2.19,Medium,Truck,5.23,6.55,synthetic
Fragile,75.72,13.95,Low,Van,1.73,1.96,synthetic
Fragile,161.0,9.3,Medium,Van,4.23,4.64,synthetic
Electronics,284.45,19.04,Low,Truck,6.04,7.31,synthetic
Fragile,104.12,51.66,High,Air,0.16,0.3,synthetic
Documents,288.19,10.78,Low,Bike,14.97,17.72,synthetic
Pharmaceutical,165.95,12.93,Medium,Van,3.89,5.03,synthetic
Apparel,334.54,80.17,Low,Truck,7.91,10.1,synthetic
Other,87.22,21.0,Medium,Van,1.98,2.15,synthetic
Other,481.57,35.43,Low,Truck,9.1,11.19,synthetic
Electronics,152.34,40.75,Critical,Van,3.54,3.09,synthetic
Other,206.8,8.09,Medium,Truck,4.34,4.5,synthetic
Pharmaceutical,201.29,45.7,Medium,Truck,4.19,4.59,synthetic
Food,168.5,3.95,Medium,Van,3.86,3.11,synthetic
Apparel,68.35,12.55,Critical,Van,1.57,1.0,synthetic
Food,105.12,229.44,Critical,Truck,2.16,2.02,synthetic
Documents,439.14,199.51,Medium,Truck,10.26,11.19,synthetic
Food,216.98,203.98,Medium,Truck,4.9,4.94,synthetic
Electronics,109.23,105.15,Medium,Truck,2.51,2.3,synthetic
Apparel,158.2,43.94,High,Van,3.7,2.81,synthetic
Documents,108.64,31.21,Low,Van,2.86,3.57,synthetic
Other,137.65,12.81,Medium,Van,3.04,3.46,synthetic
Pharmaceutical,109.92,211.44,Low,Truck,2.53,3.58,synthetic
Electronics,146.66,131.73,High,Truck,2.78,2.26,synthetic
Documents,360.34,89.71,High,Truck,8.31,8.04,synthetic
Electronics,724.78,5.74,Critical,Truck,14.31,12.12,synthetic
Fragile,639.67,42.51,Medium,Truck,13.4,15.81,synthetic
Documents,442.72,4.73,Low,Truck,10.05,11.59,synthetic
Electronics,504.01,65.43,Medium,Truck,11.84,12.61,synthetic
Electronics,228.29,70.51,Low,Truck,5.28,6.02,synthetic
Pharmaceutical,260.87,127.81,Critical,Air,0.39,0.54,synthetic
Electronics,80.03,24.97,Low,Van,1.85,1.96,synthetic
Apparel,581.09,65.65,Critical,Truck,12.75,10.69,synthetic
Industrial,135.26,7.04,Low,Van,3.01,3.46,synthetic
Documents,80.95,4.53,Critical,Van,2.18,2.25,synthetic
Fragile,45.25,7.99,Medium,Van,1.15,0.99,synthetic
Electronics,182.06,36.86,Low,Van,4.05,4.53,synthetic
Documents,159.46,57.45,High,Van,3.91,3.36,synthetic
Documents,128.21,13.38,Medium,Van,2.92,2.55,synthetic
Pharmaceutical,168.11,21.29,Low,Van,4.38,5.76,synthetic
Documents,273.0,28.5,Medium,Van,5.92,6.46,synthetic
Apparel,335.47,17.39,Low,Truck,7.61,9.11,synthetic
Apparel,91.87,8.95,Critical,Van,2.33,1.97,synthetic
Documents,294.11,179.51,Low,Truck,5.85,6.92,synthetic
Fragile,125.46,3.66,Medium,Van,3.21,4.22,synthetic
Electronics,90.59,15.15,High,Van,2.28,2.19,synthetic
Pharmaceutical,713.98,22.39,Low,Truck,16.21,21.42,synthetic
Apparel,77.47,28.33,Critical,Van,1.85,1.75,synthetic
Industrial,225.26,77.28,Medium,Truck,5.3,6.12,synthetic
Industrial,399.38,19.45,Low,Truck,8.58,10.21,synthetic
Pharmaceutical,346.18,24.84,Medium,Bike,17.6,20.52,synthetic
Documents,88.25,166.07,High,Truck,1.88,2.37,synthetic
Industrial,118.63,39.78,Medium,Van,2.62,2.58,synthetic
Other,126.39,62.68,High,Van,3.41,3.28,synthetic
Electronics,169.84,7.99,Critical,Van,3.87,3.74,synthetic
Industrial,131.33,1.85,High,Van,3.03,2.75,synthetic
Pharmaceutical,474.91,1.58,High,Truck,10.59,10.66,synthetic
Documents,88.2,8.78,High,Van,2.18,1.86,synthetic
Apparel,65.51,4.51,Medium,Van,1.76,1.5,synthetic
Apparel,236.48,60.72,High,Truck,5.51,4.81,synthetic
Industrial,130.01,29.41,Medium,Van,3.03,3.33,synthetic
Electronics,405.86,50.75,Medium,Truck,9.47,9.53,synthetic
Pharmaceutical,271.06,69.37,High,Train,4.38,4.6,synthetic
Apparel,109.14,50.58,Low,Van,2.75,3.52,synthetic
Documents,355.95,5.57,High,Truck,7.15,6.87,synthetic
Food,306.44,15.96,Critical,Truck,5.88,5.16,synthetic
Industrial,214.53,6.78,Medium,Truck,4.83,4.85,synthetic
Electronics,381.89,31.48,Medium,Truck,8.42,8.93,synthetic
Fragile,205.23,7.81,High,Truck,4.35,4.69,synthetic
Documents,32.73,154.76,High,Truck,0.76,0.83,synthetic
Pharmaceutical,148.66,65.49,Low,Van,3.36,4.39,synthetic
Documents,178.17,21.62,Critical,Van,4.71,3.65,synthetic
Pharmaceutical,222.58,44.89,Critical,Truck,4.5,4.81,synthetic
Pharmaceutical,283.48,13.15,Low,Truck,6.27,8.03,synthetic
Electronics,252.93,13.42,Medium,Truck,4.9,4.82,synthetic
Pharmaceutical,177.91,188.04,Medium,Truck,4.13,5.27,synthetic
Electronics,165.43,2.38,Medium,Van,4.18,4.47,synthetic
Electronics,281.77,88.36,Low,Air,0.42,0.48,synthetic
Documents,160.9,48.79,Medium,Van,4.06,4.85,synthetic
Apparel,658.59,29.37,Medium,Truck,14.55,15.26,synthetic
Industrial,841.26,41.62,Medium,Truck,19.14,20.67,synthetic
Fragile,218.56,4.39,Low,Truck,4.97,6.89,synthetic
Pharmaceutical,64.43,46.64,High,Van,1.41,0.9,synthetic
Industrial,176.98,41.62,Medium,Van,4.57,4.9,synthetic
Pharmaceutical,141.04,57.58,Critical,Van,3.22,2.97,synthetic
Food,172.89,27.04,Medium,Van,4.72,4.87,synthetic
Fragile,146.35,199.73,High,Truck,2.79,3.35,synthetic
Electronics,177.15,23.57,High,Van,4.26,3.81,synthetic
Pharmaceutical,145.83,2.09,Medium,Van,3.81,3.82,synthetic
Apparel,442.6,13.56,Medium,Van,11.79,12.19,synthetic
Electronics,212.79,37.01,High,Train,3.2,2.95,synthetic
Food,79.18,27.76,Medium,Van,1.9,2.02,synthetic
Other,128.41,48.55,High,Van,3.48,2.85,synthetic
Apparel,193.26,10.88,Medium,Van,4.86,5.2,synthetic
Food,184.99,7.94,High,Truck,4.38,4.47,synthetic
Pharmaceutical,146.14,10.29,Low,Van,3.44,4.16,synthetic
Electronics,138.69,17.69,Medium,Van,3.13,3.36,synthetic
Documents,110.5,19.79,Critical,Van,2.78,2.25,synthetic
Food,104.98,82.91,Medium,Truck,2.25,1.68,synthetic
Industrial,83.96,8.36,High,Van,2.18,2.44,synthetic
Documents,157.69,143.6,Medium,Truck,2.96,3.29,synthetic
Food,188.02,23.38,Low,Van,4.56,4.99,synthetic
Apparel,440.88,17.0,Medium,Truck,9.51,9.42,synthetic
Electronics,93.7,26.9,Medium,Van,2.48,2.55,synthetic
Apparel,176.83,4.81,Critical,Van,4.07,2.47,synthetic
Food,251.61,7.61,Low,Truck,5.43,6.06,synthetic
Pharmaceutical,98.15,19.56,Low,Van,2.52,3.5,synthetic
Pharmaceutical,161.96,40.1,High,Van,3.98,4.28,synthetic
Other,83.66,48.98,Medium,Van,2.16,2.43,synthetic
Food,384.06,12.76,Medium,Truck,8.57,9.39,synthetic
Pharmaceutical,201.6,31.98,Medium,Truck,4.26,5.5,synthetic
Food,345.06,87.84,Low,Truck,7.66,9.08,synthetic
Electronics,148.18,21.58,Medium,Van,3.98,3.99,synthetic
Industrial,424.43,23.11,Medium,Truck,9.99,10.62,synthetic
Other,205.57,254.9,Low,Truck,3.94,4.93,synthetic
Apparel,77.18,35.99,High,Van,1.78,1.11,synthetic
Apparel,265.94,6.31,High,Truck,5.72,5.83,synthetic
Food,786.96,24.36,Critical,Truck,18.25,15.31,synthetic
Food,78.36,27.95,Critical,Van,1.68,1.25,synthetic
Industrial,123.73,29.73,Medium,Van,3.03,3.62,synthetic
Fragile,51.0,75.09,Medium,Van,1.3,1.34,synthetic
Other,121.67,50.11,Medium,Van,2.99,3.0,synthetic
Food,126.04,66.23,High,Van,2.97,2.88,synthetic
Other,419.66,9.62,Critical,Truck,8.06,6.63,synthetic
Pharmaceutical,168.35,147.1,Low,Truck,3.7,5.13,synthetic
Industrial,189.26,2.6,Low,Train,2.87,3.47,synthetic
Apparel,47.19,8.98,Medium,Van,1.26,1.89,synthetic
Apparel,347.61,19.32,Medium,Truck,7.85,8.61,synthetic
Industrial,274.59,114.13,Medium,Truck,5.45,5.27,synthetic
Food,163.58,16.32,Critical,Van,4.37,3.41,synthetic
Industrial,113.6,21.83,High,Van,2.75,2.81,synthetic
Industrial,381.92,35.34,Medium,Truck,9.08,9.97,synthetic
Apparel,303.04,7.01,Medium,Train,5.12,4.87,synthetic
Documents,117.66,38.77,Medium,Van,2.63,2.81,synthetic
Documents,79.58,23.72,Medium,Van,2.03,2.38,synthetic
Industrial,143.89,13.41,High,Van,3.38,2.59,synthetic
Industrial,68.27,7.52,Medium,Van,1.51,1.9,synthetic
Electronics,357.86,54.69,Medium,Truck,6.76,6.93,synthetic
Pharmaceutical,670.93,28.13,Medium,Truck,15.26,18.35,synthetic
Pharmaceutical,287.05,4.63,Critical,Truck,5.56,5.02,synthetic
Fragile,86.54,102.25,Critical,Truck,1.79,1.17,synthetic
Electronics,299.08,10.18,Medium,Truck,6.12,7.02,synthetic
Documents,185.29,26.9,Low,Van,4.34,5.56,synthetic
Food,54.56,21.87,Low,Van,1.22,1.6,synthetic
Documents,108.38,107.64,Medium,Truck,2.2,2.39,synthetic
Documents,217.36,20.35,Medium,Truck,4.15,4.53,synthetic
Fragile,413.84,32.08,Low,Truck,8.24,11.19,synthetic
Apparel,726.74,10.94,Medium,Truck,15.12,16.07,synthetic
Industrial,145.75,47.56,Low,Van,3.55,4.67,synthetic
Pharmaceutical,392.49,9.83,Low,Van,8.48,11.5,synthetic
Food,274.82,16.24,High,Truck,6.01,5.05,synthetic
Fragile,40.26,126.6,High,Truck,0.87,0.59,synthetic
Pharmaceutical,71.6,42.62,Low,Van,1.56,2.25,synthetic
Industrial,404.26,12.22,Low,Truck,8.61,10.24,synthetic
Industrial,135.19,33.88,Low,Van,3.63,4.28,synthetic
Food,207.24,8.95,Medium,Van,5.27,5.62,synthetic
Other,236.77,26.59,High,Bike,10.75,9.41,synthetic
Electronics,207.27,9.97,Medium,Train,3.18,3.33,synthetic
Pharmaceutical,72.38,229.79,High,Truck,1.37,1.52,synthetic
Documents,125.59,73.19,Low,Van,3.2,3.89,synthetic
Documents,247.13,8.31,Medium,Truck,4.84,5.59,synthetic
Food,134.17,37.84,High,Van,3.25,3.34,synthetic
Electronics,46.15,11.46,High,Van,1.19,1.17,synthetic
Apparel,318.37,24.97,Critical,Truck,6.87,5.39,synthetic
Apparel,164.14,129.52,Critical,Truck,3.27,2.43,synthetic
Industrial,379.79,16.47,High,Truck,7.88,6.89,synthetic
Electronics,174.17,386.97,Medium,Truck,4.05,4.68,synthetic
Apparel,110.4,24.0,Medium,Van,2.62,3.28,synthetic
Fragile,154.45,4.36,Critical,Van,3.77,3.38,synthetic
Apparel,282.62,63.42,High,Truck,5.89,5.67,synthetic
Documents,63.88,41.93,Critical,Van,1.45,1.55,synthetic
Fragile,298.47,18.2,Medium,Truck,7.04,8.76,synthetic
Apparel,131.06,15.01,High,Van,2.85,2.47,synthetic
Food,421.08,31.98,Critical,Truck,8.69,7.28,synthetic
Electronics,170.88,32.75,High,Van,4.18,3.81,synthetic
Food,328.25,15.4,Low,Truck,7.35,8.37,synthetic
Documents,255.65,24.62,Low,Truck,5.28,6.39,synthetic
Documents,40.98,254.67,Medium,Truck,0.82,1.18,synthetic
Other,191.76,13.11,Medium,Van,4.97,4.68,synthetic
Food,395.64,46.05,Medium,Truck,7.71,8.17,synthetic
Industrial,596.76,54.15,High,Truck,13.76,11.77,synthetic
Food,164.44,9.35,High,Van,4.45,4.17,synthetic
Food,257.3,118.4,Critical,Truck,5.17,4.16,synthetic
Food,148.64,45.83,Medium,Van,3.45,3.58,synthetic
Documents,181.44,179.34,High,Truck,3.95,3.83,synthetic
Apparel,154.27,20.42,Medium,Van,4.16,4.5,synthetic
Apparel,322.63,90.26,High,Truck,7.22,6.92,synthetic
Apparel,148.25,190.49,High,Truck,3.15,3.44,synthetic
Electronics,87.5,66.73,Low,Van,2.0,1.9,synthetic
Industrial,126.28,80.39,Low,Truck,2.68,2.99,synthetic
Industrial,54.4,14.19,Critical,Van,1.34,1.35,synthetic
Electronics,263.31,20.01,High,Truck,5.36,3.91,synthetic
Food,131.45,18.14,Critical,Bike,5.77,4.93,synthetic
Electronics,119.19,73.05,Critical,Van,3.23,2.64,synthetic
Pharmaceutical,428.38,33.95,Low,Truck,9.45,12.84,synthetic
Pharmaceutical,51.08,81.33,Medium,Truck,1.2,1.3,synthetic
Documents,93.59,43.34,Medium,Van,2.02,1.77,synthetic
Pharmaceutical,469.91,5.8,Low,Truck,10.95,15.23,synthetic
Food,232.63,66.65,High,Truck,4.44,4.04,synthetic
Pharmaceutical,432.08,12.45,Medium,Train,7.31,8.7,synthetic
Pharmaceutical,88.95,75.59,Medium,Van,2.35,3.42,synthetic
Documents,191.39,22.96,Medium,Van,4.3,4.72,synthetic
Fragile,72.49,7.86,Low,Van,1.84,2.61,synthetic
Food,166.76,17.84,Low,Van,4.04,4.3,synthetic
Apparel,355.0,23.96,Medium,Truck,6.95,7.43,synthetic
Documents,110.49,23.18,Medium,Van,2.84,2.71,synthetic
Fragile,91.16,2.3,Medium,Van,2.27,2.66,synthetic
Electronics,184.14,48.62,Medium,Van,4.39,4.69,synthetic
Apparel,69.04,16.43,Critical,Van,1.53,1.07,synthetic
Food,223.4,96.46,Medium,Truck,4.26,4.52,synthetic
Industrial,415.67,10.69,High,Truck,9.36,8.67,synthetic
Industrial,90.71,39.67,Low,Van,2.32,2.82,synthetic
Other,147.27,109.56,Low,Air,0.25,0.34,synthetic
Industrial,282.91,12.18,Medium,Truck,6.66,7.5,synthetic
Fragile,267.39,43.43,Critical,Air,0.4,0.8,synthetic
Apparel,218.27,19.82,Medium,Truck,4.49,4.6,synthetic
Food,142.5,53.83,High,Van,3.06,2.47,synthetic
Pharmaceutical,66.95,10.73,High,Van,1.6,1.71,synthetic
Documents,165.7,34.99,High,Van,3.98,3.47,synthetic
Fragile,766.99,16.08,Medium,Van,20.73,24.94,synthetic
Fragile,163.5,384.32,High,Truck,3.79,4.13,synthetic
Apparel,191.92,22.98,High,Van,4.16,3.78,synthetic
Pharmaceutical,77.03,29.56,High,Van,1.88,1.51,synthetic
Electronics,261.32,10.4,Medium,Truck,5.96,5.96,synthetic
Fragile,152.19,25.98,Medium,Van,3.58,4.14,synthetic
Other,298.77,17.49,Medium,Truck,6.03,6.39,synthetic
Pharmaceutical,270.92,344.42,Medium,Truck,6.07,7.5,synthetic
Apparel,271.12,8.79,Low,Truck,5.73,6.56,synthetic
Apparel,79.0,72.26,Critical,Van,2.03,1.7,synthetic
Electronics,463.86,144.82,High,Truck,10.11,9.34,synthetic
Documents,473.11,70.19,Low,Truck,9.59,11.07,synthetic
Other,189.14,6.55,Low,Van,4.57,5.59,synthetic
Pharmaceutical,460.98,4.37,High,Truck,9.37,9.79,synthetic
Electronics,84.03,33.64,Critical,Van,1.96,1.76,synthetic
Industrial,97.64,26.8,Medium,Van,2.64,2.87,synthetic
Industrial,233.16,258.96,High,Truck,5.44,4.97,synthetic
Industrial,97.51,24.61,Low,Van,2.1,2.12,synthetic
Food,622.48,42.58,Medium,Truck,13.35,14.4,synthetic
Food,171.64,424.59,Critical,Truck,3.83,3.51,synthetic
Food,170.24,22.48,Medium,Van,3.67,3.87,synthetic
Other,742.17,44.22,High,Truck,17.01,15.44,synthetic
Other,162.08,48.58,High,Van,3.8,3.84,synthetic
Fragile,304.51,5.64,Low,Truck,6.77,8.72,synthetic
Other,361.76,30.95,Low,Truck,7.49,8.54,synthetic
Fragile,178.54,335.19,Low,Air,0.27,1.34,synthetic
Industrial,112.68,14.91,High,Van,2.73,2.08,synthetic
Pharmaceutical,175.89,28.24,Medium,Van,4.12,5.3,synthetic
Electronics,346.1,8.4,Medium,Truck,7.22,8.02,synthetic
Documents,240.61,15.53,High,Truck,4.77,4.31,synthetic
Apparel,346.53,7.03,High,Truck,7.51,6.74,synthetic
Food,172.28,73.62,Medium,Van,4.38,4.58,synthetic
Food,169.16,11.21,Medium,Van,4.37,4.69,synthetic
Other,448.4,113.81,Critical,Truck,8.78,7.16,synthetic
Food,143.39,30.37,Medium,Van,3.35,3.64,synthetic
Fragile,83.5,140.38,Medium,Truck,1.68,2.06,synthetic
Industrial,339.3,144.3,High,Van,9.25,9.13,synthetic
Other,219.08,26.95,Medium,Truck,4.31,4.58,synthetic
Documents,350.54,16.01,Low,Truck,7.76,8.88,synthetic
Documents,50.16,185.75,Medium,Truck,1.14,1.54,synthetic
Industrial,234.79,19.99,Medium,Truck,5.26,5.17,synthetic
Fragile,76.5,6.44,Medium,Van,1.88,2.38,synthetic
Apparel,250.4,12.24,High,Truck,5.91,5.46,synthetic
Pharmaceutical,145.71,4.08,High,Van,3.93,3.24,synthetic
Food,619.89,7.1,Medium,Truck,13.9,15.19,synthetic
Fragile,230.32,308.88,High,Truck,4.62,5.23,synthetic
Fragile,622.81,14.59,Medium,Truck,12.21,14.63,synthetic
Pharmaceutical,268.75,6.49,High,Truck,5.43,5.85,synthetic
Industrial,201.59,17.95,Low,Truck,4.34,5.01,synthetic
Electronics,249.67,41.2,Medium,Truck,4.76,4.99,synthetic
Apparel,87.97,14.85,Low,Van,2.13,2.62,synthetic
Pharmaceutical,95.41,13.3,Critical,Van,2.53,2.97,synthetic
Industrial,221.96,33.11,Medium,Truck,4.55,5.16,synthetic
Food,108.17,5.36,High,Van,2.61,2.77,synthetic
Apparel,130.58,12.46,Critical,Van,3.42,2.95,synthetic
Pharmaceutical,160.76,249.53,Medium,Truck,3.35,4.09,synthetic
Apparel,233.76,8.42,Medium,Truck,4.81,4.92,synthetic
Fragile,169.47,33.31,Low,Van,4.01,5.65,synthetic
Documents,359.5,98.55,Low,Truck,7.98,9.48,synthetic
Apparel,205.75,9.53,Low,Air,0.35,0.41,synthetic
Electronics,417.5,51.14,High,Truck,8.47,7.46,synthetic
Apparel,382.84,18.41,Low,Truck,7.85,9.58,synthetic
Industrial,65.02,25.44,Low,Van,1.4,2.04,synthetic
Food,123.57,4.04,Medium,Van,3.05,3.47,synthetic
Apparel,91.64,21.47,Medium,Van,2.29,2.44,synthetic
Fragile,658.96,38.0,Medium,Truck,13.82,17.05,synthetic
Apparel,59.41,37.55,Medium,Van,1.49,1.56,synthetic
Documents,117.09,30.18,High,Van,2.59,2.47,synthetic
Other,267.33,24.37,Medium,Truck,5.45,5.43,synthetic
Documents,235.03,106.31,Low,Truck,5.28,5.91,synthetic
Food,78.15,24.09,Medium,Van,2.01,1.77,synthetic
Documents,156.24,52.63,Low,Van,4.06,5.62,synthetic
Pharmaceutical,291.39,72.74,Medium,Truck,6.41,7.75,synthetic
Electronics,194.01,13.09,Low,Van,4.68,4.98,synthetic
Other,144.44,22.5,High,Van,3.5,3.39,synthetic
Apparel,170.36,50.03,High,Van,3.95,3.39,synthetic
Fragile,62.35,28.07,Low,Van,1.42,1.91,synthetic
Documents,183.85,7.59,High,Van,5.0,5.38,synthetic
Fragile,330.52,32.53,Medium,Truck,6.65,8.55,synthetic
Apparel,89.17,24.91,Low,Van,2.1,1.9,synthetic
Food,50.04,37.59,Critical,Van,1.23,1.04,synthetic
Pharmaceutical,246.49,3.91,High,Truck,5.02,4.87,synthetic
Industrial,83.36,19.38,Medium,Van,2.06,2.47,synthetic
Apparel,424.66,29.92,Medium,Truck,8.04,9.36,synthetic
Food,140.69,42.49,Critical,Van,3.49,2.55,synthetic
Food,392.97,3.27,Medium,Truck,9.04,9.07,synthetic
Industrial,95.43,20.86,Medium,Van,2.58,2.11,synthetic
Industrial,348.06,5.53,High,Truck,8.13,7.48,synthetic
Apparel,199.64,6.6,Critical,Van,5.39,4.58,synthetic
Electronics,124.81,16.26,Medium,Van,3.23,3.12,synthetic
Documents,161.75,187.95,High,Truck,3.29,2.82,synthetic
Industrial,209.08,11.05,High,Truck,4.25,4.11,synthetic
Fragile,151.36,16.71,High,Van,3.54,3.07,synthetic
Electronics,237.71,100.68,Low,Truck,4.74,5.72,synthetic
Documents,710.49,20.79,Critical,Truck,14.66,12.21,synthetic
Apparel,588.21,48.23,Medium,Truck,12.58,13.59,synthetic
Industrial,197.12,15.86,Medium,Train,3.34,3.81,synthetic
Other,378.74,19.53,Medium,Truck,9.03,9.19,synthetic
Electronics,105.4,66.04,Critical,Van,2.42,1.56,synthetic
Documents,66.03,87.85,Low,Truck,1.25,1.85,synthetic
Apparel,461.77,20.49,Low,Truck,10.35,11.84,synthetic
Other,266.63,20.97,Medium,Truck,5.83,6.3,synthetic
Other,101.21,27.07,High,Van,2.3,1.34,synthetic
Electronics,36.27,17.25,Medium,Van,0.79,0.45,synthetic
Food,206.43,7.88,Medium,Truck,4.12,4.33,synthetic
Industrial,208.49,42.73,High,Truck,4.87,4.43,synthetic
Industrial,127.72,15.83,Critical,Van,3.05,2.57,synthetic
Pharmaceutical,517.27,467.35,Medium,Truck,9.84,13.02,synthetic
Other,611.99,52.18,High,Truck,11.76,11.2,synthetic
Documents,91.5,14.26,Medium,Van,2.09,2.13,synthetic
Electronics,361.86,31.25,Medium,Truck,7.17,7.59,synthetic
Pharmaceutical,179.33,11.05,Low,Van,4.3,5.51,synthetic
Electronics,188.02,24.73,Medium,Van,4.96,5.97,synthetic
Pharmaceutical,313.75,16.09,Medium,Truck,6.27,7.13,synthetic
Food,44.44,8.62,Low,Van,0.99,0.45,synthetic
Apparel,48.76,21.32,Medium,Van,1.13,1.31,synthetic
Apparel,130.93,38.63,Medium,Van,2.96,3.25,synthetic
Apparel,176.73,38.51,Medium,Van,4.01,4.12,synthetic
Other,41.05,21.15,High,Van,1.02,1.01,synthetic
Electronics,228.63,2.09,Critical,Truck,5.06,3.87,synthetic
Other,410.04,7.39,High,Truck,8.57,8.01,synthetic
Electronics,33.52,26.89,Critical,Van,0.9,1.0,synthetic
Pharmaceutical,225.7,108.59,Low,Truck,5.16,7.71,synthetic
Food,79.06,24.24,Medium,Van,1.85,1.72,synthetic
Food,105.26,25.7,Medium,Van,2.29,2.19,synthetic
Documents,84.48,14.1,High,Van,1.97,1.58,synthetic
Pharmaceutical,199.71,53.37,High,Van,5.05,4.83,synthetic
Documents,61.42,55.16,Medium,Van,1.41,1.65,synthetic
Fragile,480.84,7.96,Medium,Truck,10.35,12.41,synthetic
Documents,499.49,45.51,Medium,Truck,10.67,11.12,synthetic
Apparel,109.94,2.73,Medium,Van,2.38,3.04,synthetic
Fragile,149.81,16.72,High,Van,3.54,3.81,synthetic
Industrial,73.98,52.9,Medium,Van,1.65,2.15,synthetic
Fragile,392.19,102.43,Medium,Truck,9.37,11.65,synthetic
Apparel,238.54,65.52,Medium,Truck,4.98,5.64,synthetic
Electronics,214.97,30.57,High,Truck,4.13,4.6,synthetic
Other,272.02,23.11,Medium,Truck,5.37,5.36,synthetic
Apparel,123.8,166.46,High,Bike,5.46,4.87,synthetic
Documents,154.78,9.88,Critical,Van,4.24,3.73,synthetic
Fragile,118.69,41.19,High,Truck,2.67,2.76,synthetic
Apparel,97.13,15.96,Medium,Van,2.5,2.73,synthetic
Apparel,460.46,207.7,High,Truck,10.92,10.55,synthetic
Food,142.55,54.13,High,Van,3.78,3.47,synthetic
Electronics,220.12,41.12,Critical,Truck,4.31,3.53,synthetic
Industrial,343.92,35.87,Low,Truck,7.53,9.12,synthetic
Other,219.43,16.64,Critical,Truck,5.15,3.3,synthetic
Other,155.66,22.16,High,Van,3.44,3.06,synthetic
Industrial,265.41,27.71,High,Truck,5.31,4.9,synthetic
Fragile,251.81,23.62,High,Truck,4.89,5.2,synthetic
Electronics,273.92,15.05,Medium,Truck,6.09,6.94,synthetic
Fragile,132.4,64.83,High,Van,2.92,2.94,synthetic
Apparel,569.21,44.12,Critical,Truck,10.7,8.85,synthetic
Documents,161.95,17.99,Critical,Van,3.79,3.49,synthetic
Industrial,372.82,4.3,Medium,Truck,8.23,8.68,synthetic
Other,138.18,21.77,High,Van,3.2,3.75,synthetic
Pharmaceutical,214.44,45.99,High,Truck,4.8,5.18,synthetic
Other,89.05,13.17,Low,Van,2.17,2.68,synthetic
Industrial,152.02,85.16,Medium,Truck,3.24,3.13,synthetic
Documents,219.4,108.42,Low,Truck,4.72,5.34,synthetic
Industrial,87.46,13.35,Medium,Van,2.37,2.7,synthetic
Documents,291.31,51.89,Medium,Truck,6.71,7.19,synthetic
Pharmaceutical,445.41,29.17,High,Bike,18.39,18.52,synthetic
Food,103.34,38.08,Medium,Van,2.64,2.89,synthetic
Food,217.19,34.83,Medium,Truck,4.71,5.43,synthetic
Pharmaceutical,293.18,12.81,High,Truck,5.91,5.83,synthetic
Documents,83.28,10.74,Medium,Van,1.83,1.67,synthetic
Apparel,56.21,27.3,Low,Van,1.45,1.06,synthetic
Food,1275.85,65.01,Medium,Truck,29.42,30.55,synthetic
Electronics,169.09,18.27,Medium,Van,4.46,4.36,synthetic
Food,149.41,23.5,High,Van,3.49,3.57,synthetic
Industrial,161.85,149.52,High,Truck,3.32,3.5,synthetic
Food,802.71,24.16,High,Truck,16.71,15.5,synthetic
Other,149.5,2.41,Medium,Van,3.75,4.2,synthetic
Food,93.33,13.62,Medium,Van,2.27,2.78,synthetic
Fragile,390.77,39.13,Medium,Truck,7.91,9.49,synthetic
Fragile,302.42,8.68,Low,Truck,7.21,8.87,synthetic
Other,135.3,9.59,Low,Van,3.33,3.59,synthetic
Food,304.04,15.41,High,Truck,6.75,6.35,synthetic
Fragile,187.0,27.18,High,Van,4.5,4.93,synthetic
Fragile,123.06,10.95,Medium,Van,3.11,3.65,synthetic
Documents,64.34,25.92,High,Van,1.49,1.34,synthetic
Fragile,377.41,79.71,Medium,Truck,8.64,10.04,synthetic
Apparel,57.28,113.63,High,Truck,1.17,0.47,synthetic
Other,370.49,20.57,Medium,Truck,7.44,8.01,synthetic
Fragile,157.2,22.18,Low,Train,2.77,4.27,synthetic
Apparel,163.99,15.7,High,Van,3.91,3.77,synthetic
Documents,784.15,25.93,High,Truck,16.54,14.93,synthetic
Electronics,65.57,10.3,Low,Van,1.73,2.21,synthetic
Food,322.46,9.39,Medium,Truck,6.58,6.82,synthetic
Documents,161.6,97.4,Medium,Truck,3.19,2.8,synthetic
Documents,324.48,67.53,Critical,Truck,6.88,5.2,synthetic
Fragile,175.66,58.44,High,Van,3.97,3.6,synthetic
Food,124.34,4.09,Medium,Train,1.92,2.39,synthetic
Food,470.71,5.85,Low,Truck,11.16,13.24,synthetic
Fragile,134.43,10.61,Low,Van,3.63,5.5,synthetic
Apparel,372.05,36.57,Medium,Truck,8.47,9.16,synthetic
Pharmaceutical,60.54,3.32,Critical,Van,1.33,1.29,synthetic
Food,81.62,36.08,Low,Train,1.36,1.66,synthetic
Food,370.21,31.47,Medium,Van,8.53,9.61,synthetic
Other,117.78,60.27,Low,Van,3.12,3.91,synthetic
Fragile,246.36,10.11,Medium,Truck,4.97,6.39,synthetic
Fragile,1375.6,25.83,Medium,Truck,27.17,32.55,synthetic
Electronics,178.95,44.28,Medium,Van,3.95,3.88,synthetic
Fragile,68.16,22.69,Medium,Van,1.58,2.05,synthetic
Apparel,105.88,15.61,Low,Van,2.75,3.12,synthetic
Industrial,230.83,2.79,Medium,Truck,5.18,5.71,synthetic
Fragile,171.56,54.04,Low,Van,4.38,5.97,synthetic
Pharmaceutical,37.82,86.7,Low,Truck,0.78,0.36,synthetic
Other,98.22,6.44,Medium,Van,2.14,2.08,synthetic
Apparel,128.14,12.37,Low,Van,2.96,3.71,synthetic
Pharmaceutical,503.16,46.68,Medium,Truck,11.42,13.92,synthetic
Electronics,173.68,29.85,Medium,Van,4.73,4.78,synthetic
Electronics,185.5,131.72,Critical,Truck,3.67,2.67,synthetic
Industrial,431.48,298.62,Medium,Van,11.6,12.66,synthetic
Electronics,80.83,49.78,Medium,Van,2.18,2.41,synthetic
Electronics,175.35,191.35,High,Truck,3.59,4.0,synthetic
Documents,187.13,23.2,Medium,Van,4.48,5.19,synthetic
Industrial,122.99,8.86,Medium,Van,2.74,3.2,synthetic
Electronics,208.07,28.71,Low,Truck,4.51,4.86,synthetic
Electronics,154.37,36.29,Medium,Van,4.02,4.84,synthetic
Documents,146.35,9.98,Low,Van,3.57,4.04,synthetic
Pharmaceutical,145.67,79.85,Medium,Van,3.45,4.53,synthetic
Pharmaceutical,175.27,66.2,High,Van,4.16,4.17,synthetic
Electronics,149.99,91.2,Medium,Truck,2.99,2.9,synthetic
Pharmaceutical,82.17,27.89,Medium,Van,1.99,2.49,synthetic
Industrial,178.01,8.85,Medium,Van,4.7,4.96,synthetic
Other,251.21,139.36,High,Bike,10.79,10.75,synthetic
Electronics,134.63,4.8,Critical,Train,2.35,2.1,synthetic
Electronics,60.37,51.48,Medium,Van,1.35,1.82,synthetic
Industrial,195.9,19.72,Medium,Air,0.31,0.3,synthetic
Fragile,95.45,10.84,High,Van,2.1,1.75,synthetic
Documents,133.81,82.07,Low,Truck,3.11,3.67,synthetic
Documents,533.81,29.77,Low,Truck,12.76,14.99,synthetic
Food,310.69,51.61,Critical,Truck,7.09,5.12,synthetic
Documents,100.85,34.64,Medium,Van,2.16,1.9,synthetic
Other,323.23,5.0,Low,Truck,6.52,7.34,synthetic
Documents,191.96,33.48,Medium,Van,4.3,4.68,synthetic
Other,109.77,28.12,Low,Van,2.69,3.51,synthetic
Fragile,342.23,38.22,High,Truck,6.9,6.58,synthetic
Documents,170.54,36.36,Critical,Van,4.26,3.49,synthetic
Apparel,113.35,8.14,High,Van,2.85,2.6,synthetic
Pharmaceutical,170.69,60.15,Medium,Van,3.7,3.96,synthetic
Other,197.44,19.01,High,Van,4.24,3.99,synthetic
Electronics,210.95,7.98,Low,Truck,4.87,5.55,synthetic
Fragile,178.27,14.51,Medium,Van,4.54,5.31,synthetic
Apparel,71.31,53.41,Low,Van,1.79,1.93,synthetic
Electronics,225.77,11.54,Medium,Truck,5.16,5.87,synthetic
Documents,111.56,606.57,High,Truck,2.26,2.4,synthetic
Fragile,256.52,71.03,Low,Air,0.44,1.33,synthetic
Industrial,186.25,26.09,Medium,Van,4.71,4.21,synthetic
Pharmaceutical,413.32,3.88,Low,Truck,9.64,12.68,synthetic
Industrial,179.85,26.77,Critical,Van,4.86,4.16,synthetic
Apparel,154.4,472.46,Low,Truck,2.94,3.88,synthetic
Pharmaceutical,237.63,47.53,High,Truck,5.63,5.55,synthetic
Food,213.4,19.54,Medium,Truck,4.68,4.48,synthetic
Apparel,422.34,22.06,Low,Truck,7.95,9.79,synthetic
Electronics,217.99,35.57,High,Truck,4.33,3.99,synthetic
Pharmaceutical,187.5,15.84,Medium,Van,4.85,5.7,synthetic
Industrial,148.0,45.06,Medium,Van,3.61,3.41,synthetic
Fragile,233.38,61.51,Medium,Truck,5.58,6.83,synthetic
Pharmaceutical,455.66,29.63,High,Truck,9.1,9.63,synthetic
Food,46.09,36.5,Medium,Van,1.03,1.29,synthetic
Other,402.59,20.47,Critical,Truck,8.6,7.21,synthetic
Other,323.79,45.61,High,Truck,7.05,7.26,synthetic
Documents,86.0,11.12,High,Van,2.04,1.77,synthetic
Fragile,97.09,20.4,Medium,Van,2.34,2.2,synthetic
Pharmaceutical,205.75,3.98,Medium,Truck,4.59,5.48,synthetic
Apparel,75.95,15.97,Medium,Van,2.04,2.19,synthetic
Apparel,220.01,53.02,Low,Truck,4.83,5.52,synthetic
Pharmaceutical,55.41,30.94,Medium,Van,1.51,2.08,synthetic
Food,251.35,139.43,Medium,Truck,5.36,5.16,synthetic
Fragile,260.36,5.7,Low,Truck,5.13,6.68,synthetic
Industrial,188.58,20.34,Low,Van,4.95,6.06,synthetic
Other,431.65,50.58,Medium,Truck,8.41,9.09,synthetic
Fragile,571.42,31.25,High,Truck,13.14,13.79,synthetic
Pharmaceutical,453.28,9.49,Medium,Truck,9.25,11.54,synthetic
Electronics,41.95,9.0,High,Van,1.03,0.72,synthetic
Documents,666.41,476.29,Medium,Truck,13.73,16.41,synthetic
Industrial,98.02,184.35,Low,Truck,2.11,2.23,synthetic
Pharmaceutical,45.19,5.07,High,Van,1.23,1.64,synthetic
Apparel,251.46,19.54,Low,Truck,5.73,6.68,synthetic
Industrial,260.98,6.13,Low,Truck,6.09,6.72,synthetic
Electronics,207.78,28.84,Low,Truck,4.26,4.82,synthetic
Apparel,290.69,68.72,Low,Truck,6.63,7.25,synthetic
Fragile,273.21,249.95,High,Truck,6.24,6.88,synthetic
Industrial,939.58,9.7,Low,Truck,22.13,26.77,synthetic
Documents,383.64,57.79,Critical,Truck,8.36,7.04,synthetic
Fragile,200.95,16.9,High,Truck,4.77,5.1,synthetic
Pharmaceutical,148.27,51.59,High,Train,2.12,2.67,synthetic
Food,101.6,34.23,Medium,Van,2.64,2.6,synthetic
Industrial,64.66,12.81,High,Van,1.63,1.94,synthetic
Pharmaceutical,288.58,16.96,High,Truck,6.82,6.65,synthetic
Documents,232.34,100.53,High,Train,3.8,3.42,synthetic
Pharmaceutical,167.4,15.66,High,Van,4.11,3.83,synthetic
Apparel,155.13,86.86,Critical,Truck,3.64,3.73,synthetic
Food,44.64,40.37,High,Van,1.09,1.22,synthetic
Fragile,80.59,63.08,Critical,Van,1.77,1.48,synthetic
Electronics,100.65,203.82,Medium,Truck,2.14,2.35,synthetic
Apparel,409.15,59.83,High,Truck,8.65,8.09,synthetic
Documents,205.52,23.06,Critical,Truck,4.7,3.68,synthetic
Other,115.6,102.16,Medium,Truck,2.75,3.04,synthetic
Documents,388.33,26.84,Medium,Van,9.88,9.64,synthetic
Documents,58.53,47.24,High,Van,1.51,1.13,synthetic
Other,104.42,46.99,Medium,Van,2.62,2.83,synthetic
Electronics,192.29,15.55,Medium,Van,4.96,4.52,synthetic
Apparel,120.72,30.12,High,Van,2.9,2.91,synthetic
Food,204.0,5.3,Critical,Truck,4.37,3.77,synthetic
Documents,305.44,117.08,High,Truck,6.29,5.85,synthetic
Food,204.12,159.75,Medium,Air,0.33,0.3,synthetic
Apparel,432.95,163.33,Medium,Truck,8.38,9.24,synthetic
Food,153.57,60.65,High,Van,3.62,3.49,synthetic
Documents,497.17,20.58,High,Truck,10.72,10.26,synthetic
Other,125.81,24.98,Medium,Van,3.31,3.6,synthetic
Documents,48.95,19.95,Medium,Van,1.1,1.24,synthetic
Electronics,90.39,57.87,Medium,Van,2.36,2.66,synthetic
Documents,205.62,21.19,Medium,Truck,4.03,4.55,synthetic
Pharmaceutical,154.8,30.46,Low,Bike,6.59,8.58,synthetic
Fragile,44.81,21.82,Low,Van,1.11,0.71,synthetic
Documents,800.34,20.06,High,Air,1.19,0.96,synthetic
Documents,286.26,3.01,Medium,Truck,5.98,6.28,synthetic
Documents,215.79,17.22,Low,Truck,4.5,6.16,synthetic
Food,386.84,45.83,Medium,Truck,7.88,8.36,synthetic
Electronics,307.5,118.04,Medium,Truck,6.61,6.88,synthetic
Other,98.03,16.7,Low,Van,2.23,2.38,synthetic
Documents,121.54,14.46,Low,Van,2.88,3.54,synthetic
Electronics,304.4,3.01,Medium,Truck,6.96,7.39,synthetic
Industrial,129.98,17.71,Low,Van,2.89,3.58,synthetic
Electronics,473.73,157.64,Low,Train,7.58,9.43,synthetic
Food,216.68,4.3,High,Truck,4.33,4.17,synthetic
Apparel,226.66,26.67,Medium,Truck,4.56,5.23,synthetic
Apparel,184.01,13.3,High,Van,4.36,3.76,synthetic
Fragile,480.49,23.36,High,Truck,9.41,10.37,synthetic
Pharmaceutical,83.76,18.25,Low,Train,1.33,1.65,synthetic
Other,352.93,7.13,Critical,Truck,6.89,5.26,synthetic
Pharmaceutical,336.45,10.34,Critical,Truck,6.36,5.79,synthetic
Industrial,55.83,41.54,High,Van,1.52,1.82,synthetic
Electronics,226.58,9.97,High,Truck,5.35,5.62,synthetic
Food,678.65,11.47,Medium,Truck,12.74,13.68,synthetic
Apparel,102.43,36.31,Medium,Van,2.68,2.9,synthetic
Electronics,134.49,6.1,High,Van,3.53,3.5,synthetic
Apparel,624.96,37.4,Medium,Truck,13.42,13.78,synthetic
Other,224.83,2.99,Low,Truck,4.99,5.51,synthetic
Documents,166.4,44.93,Medium,Van,3.82,3.7,synthetic
Fragile,191.16,6.56,High,Van,4.97,5.22,synthetic
Fragile,309.37,43.61,High,Truck,6.93,6.97,synthetic
Pharmaceutical,209.68,90.19,High,Truck,3.99,4.46,synthetic
Documents,143.64,15.06,Medium,Van,3.36,3.73,synthetic
Apparel,65.89,13.36,Low,Van,1.56,2.17,synthetic
Industrial,73.82,6.91,Medium,Van,1.75,1.24,synthetic
Pharmaceutical,51.89,9.89,Medium,Van,1.34,1.87,synthetic
Fragile,345.09,117.22,High,Bike,14.24,14.73,synthetic
Pharmaceutical,46.66,15.86,Critical,Van,1.18,0.65,synthetic
Pharmaceutical,398.0,20.45,Medium,Truck,8.03,9.83,synthetic
Other,137.77,80.61,High,Truck,2.96,2.9,synthetic
Industrial,190.95,18.24,High,Van,4.19,4.28,synthetic
Documents,50.2,70.91,Medium,Air,0.08,0.5,synthetic
Documents,143.14,19.39,Medium,Van,3.86,4.24,synthetic
Documents,135.26,441.03,Medium,Truck,2.83,3.49,synthetic
Food,400.24,47.74,Low,Truck,8.83,10.28,synthetic
Pharmaceutical,171.51,62.23,Medium,Van,4.52,5.66,synthetic
Documents,81.5,9.56,Medium,Van,1.78,1.59,synthetic
Other,130.45,29.11,High,Van,3.51,3.08,synthetic
Food,282.73,25.1,Low,Truck,5.36,6.32,synthetic
Documents,304.85,33.82,High,Truck,5.83,5.23,synthetic
Fragile,1705.52,1.64,Medium,Truck,39.79,46.74,synthetic
Pharmaceutical,201.31,16.48,Medium,Truck,4.37,5.31,synthetic
Other,1304.27,36.43,Low,Truck,25.75,30.67,synthetic
Documents,47.54,11.15,High,Van,1.14,0.67,synthetic
Documents,198.61,6.69,Medium,Van,5.32,5.1,synthetic
Other,467.39,13.02,Critical,Truck,10.39,8.32,synthetic
Fragile,102.94,4.13,Medium,Van,2.66,3.38,synthetic
Fragile,113.05,62.55,Medium,Van,2.96,4.11,synthetic
Apparel,119.21,21.16,Low,Van,2.91,3.55,synthetic
Other,130.07,14.3,Medium,Van,2.89,2.64,synthetic
Apparel,68.88,9.79,Medium,Van,1.84,1.7,synthetic
Fragile,74.98,92.77,Medium,Truck,1.76,2.32,synthetic
Apparel,634.52,2.19,Critical,Truck,14.5,12.39,synthetic
Apparel,1167.61,56.54,Low,Truck,23.96,28.68,synthetic
Food,131.95,6.58,High,Van,3.46,2.48,synthetic
Documents,384.59,17.04,Critical,Truck,8.17,6.55,synthetic
Other,97.6,4.86,High,Van,2.17,2.52,synthetic
Documents,139.91,35.47,Low,Van,3.55,4.31,synthetic
Industrial,324.69,16.51,Low,Truck,6.49,8.17,synthetic
Apparel,975.68,11.2,Medium,Truck,18.52,19.64,synthetic
Other,216.34,238.01,Low,Truck,4.55,5.43,synthetic
Electronics,254.72,30.79,Critical,Truck,5.87,5.52,synthetic
Electronics,332.41,281.62,High,Truck,6.7,6.8,synthetic
Industrial,241.04,106.04,Medium,Truck,5.62,6.1,synthetic
Industrial,306.45,35.64,Medium,Truck,5.83,6.33,synthetic
Apparel,296.29,11.67,Medium,Truck,6.66,6.52,synthetic
Electronics,194.39,200.13,Medium,Truck,3.9,3.91,synthetic
Other,78.81,4.48,Medium,Van,1.93,1.77,synthetic
Fragile,61.3,26.82,High,Van,1.39,1.62,synthetic
Other,117.14,22.41,Medium,Van,3.04,3.17,synthetic
Other,212.31,18.7,Critical,Truck,4.05,2.65,synthetic
Food,129.84,3.02,Low,Van,3.37,4.01,synthetic
Food,61.39,37.16,Critical,Van,1.59,1.49,synthetic
Electronics,90.64,110.24,High,Truck,1.87,1.31,synthetic
Documents,331.53,17.73,Low,Truck,6.97,8.04,synthetic
Fragile,205.33,1.34,Medium,Truck,4.49,5.52,synthetic
Pharmaceutical,586.04,33.69,High,Truck,11.98,12.75,synthetic
Industrial,136.72,33.44,Critical,Van,3.68,2.52,synthetic
Fragile,106.91,2.41,Low,Van,2.48,3.0,synthetic
Fragile,332.45,22.2,High,Truck,6.6,6.66,synthetic
Pharmaceutical,73.4,5.6,Medium,Van,1.72,2.54,synthetic
Electronics,117.85,611.43,Medium,Truck,2.74,3.51,synthetic
Electronics,136.76,12.69,Low,Van,3.16,4.29,synthetic
Industrial,64.17,32.11,Low,Van,1.47,2.23,synthetic
Food,193.09,100.53,Medium,Truck,4.15,5.04,synthetic
Apparel,282.01,26.87,Critical,Truck,6.53,5.55,synthetic
Pharmaceutical,94.63,20.63,High,Van,2.19,2.95,synthetic
Industrial,199.39,38.79,Critical,Van,4.52,3.75,synthetic
Electronics,285.36,23.97,High,Truck,5.81,5.59,synthetic
Fragile,714.37,29.01,High,Truck,16.87,17.72,synthetic
Apparel,131.09,40.81,High,Van,2.82,2.37,synthetic
Pharmaceutical,269.72,9.81,Critical,Truck,5.42,5.31,synthetic
Electronics,272.89,14.95,Medium,Truck,5.12,5.39,synthetic
Documents,137.32,235.21,Low,Truck,3.08,4.33,synthetic
Food,133.77,17.25,Medium,Van,3.32,3.54,synthetic
Apparel,235.56,26.76,Low,Truck,4.56,5.44,synthetic
Other,134.64,15.79,High,Van,3.57,4.03,synthetic
Industrial,353.71,19.34,High,Truck,7.04,6.02,synthetic
Apparel,713.17,6.29,Medium,Truck,13.99,15.07,synthetic
Other,185.41,3.7,Medium,Van,4.35,4.53,synthetic
Electronics,208.16,74.01,Medium,Truck,4.73,5.14,synthetic
Other,387.16,9.13,Medium,Truck,7.63,8.08,synthetic
Other,265.87,2.24,Low,Truck,5.89,7.14,synthetic
Industrial,172.43,15.1,High,Van,4.31,3.58,synthetic
Pharmaceutical,393.94,46.44,Medium,Truck,8.82,10.23,synthetic
Electronics,336.58,49.43,Low,Truck,6.65,8.12,synthetic
Food,277.85,27.86,High,Truck,6.61,6.06,synthetic
Industrial,136.52,12.97,Medium,Van,3.31,3.23,synthetic
Food,88.82,3.18,High,Van,2.07,1.9,synthetic
Other,521.51,22.76,Low,Truck,11.23,13.35,synthetic
Electronics,102.52,19.16,Medium,Van,2.51,2.54,synthetic
Industrial,296.25,158.76,Medium,Truck,6.88,7.47,synthetic
Industrial,255.01,18.88,High,Truck,5.21,4.73,synthetic
Electronics,156.31,24.85,Critical,Van,3.45,2.39,synthetic
Pharmaceutical,97.98,97.69,Low,Truck,1.91,2.94,synthetic
Other,57.39,41.73,Critical,Van,1.27,1.08,synthetic
Apparel,375.03,65.8,Critical,Truck,7.5,6.09,synthetic
Apparel,188.75,102.87,Low,Truck,4.09,4.41,synthetic
Food,190.15,18.02,High,Van,4.19,3.5,synthetic
Documents,724.28,67.71,Medium,Truck,13.98,14.65,synthetic
Documents,109.3,42.0,Critical,Bike,5.03,3.7,synthetic
Pharmaceutical,88.32,7.45,Medium,Van,2.35,2.66,synthetic
Pharmaceutical,88.15,34.43,High,Van,2.17,2.38,synthetic
Other,136.05,10.89,High,Van,3.42,3.25,synthetic
Fragile,79.45,15.11,Low,Van,1.84,2.81,synthetic
Food,59.76,4.74,Critical,Van,1.39,1.59,synthetic
Apparel,101.27,9.73,Medium,Van,2.52,2.29,synthetic
Pharmaceutical,47.26,37.67,Medium,Van,1.17,1.39,synthetic
Fragile,189.14,68.64,Critical,Van,4.79,4.17,synthetic
Industrial,595.13,138.02,Critical,Truck,13.12,11.34,synthetic
Other,185.09,7.27,Critical,Van,4.9,4.4,synthetic
Industrial,27.52,11.92,Medium,Van,0.71,0.76,synthetic
Other,180.32,20.81,High,Van,4.78,4.25,synthetic
Food,631.62,9.67,Medium,Truck,12.87,13.73,synthetic
Other,156.09,11.93,Critical,Van,3.5,2.2,synthetic
Other,1350.38,3.31,Low,Truck,27.19,32.75,synthetic
Pharmaceutical,293.05,20.14,High,Truck,6.45,6.57,synthetic
Fragile,347.76,38.22,Medium,Truck,8.16,10.0,synthetic
